ticker,date,news
AAPL,2025-04-05T13:00:00Z,"Nvidia's bad day, Microsoft's AI plans, Amazon's TikTok play, and Intel's future: Tech news roundup"
AAPL,2025-04-05T09:45:14Z,'Trump Tariffs Could Blow Up Apple': Analyst Estimates $39.5 Billion Impact
AAPL,2025-04-05T08:51:18Z,"Weaver Capital Management LLC Purchases 1,860 Shares of Apple Inc. (NASDAQ:AAPL)"
AAPL,2025-04-05T08:51:18Z,Berkshire Money Management Inc. Increases Stock Position in Apple Inc. (NASDAQ:AAPL)
AAPL,2025-04-05T08:51:18Z,Silverlake Wealth Management LLC Has $12.69 Million Position in Apple Inc. (NASDAQ:AAPL)
AAPL,2025-04-05T08:51:17Z,Apple Inc. (NASDAQ:AAPL) Shares Sold by Massachusetts Wealth Management
AAPL,2025-04-05T08:51:15Z,Stratos Investment Management LLC Has $25.99 Million Holdings in Apple Inc. (NASDAQ:AAPL)
AAPL,2025-04-05T08:51:15Z,Hager Investment Management Services LLC Makes New $10.04 Million Investment in Apple Inc. (NASDAQ:AAPL)
AAPL,2025-04-05T08:51:14Z,Osprey Private Wealth LLC Boosts Stock Position in Apple Inc. (NASDAQ:AAPL)
AAPL,2025-04-05T08:51:14Z,Stratos Wealth Partners LTD. Has $270.59 Million Stock Position in Apple Inc. (NASDAQ:AAPL)
AAPL,2025-04-05T08:51:13Z,"Martin Capital Partners LLC Has $526,000 Holdings in Apple Inc. (NASDAQ:AAPL)"
AAPL,2025-04-05T08:51:12Z,Apple Inc. (NASDAQ:AAPL) Position Increased by Mirae Asset Global Investments Co. Ltd.
AAPL,2025-04-05T07:31:02Z,Raymond James Forecasts Strong Price Appreciation for Apple (NASDAQ:AAPL) Stock
AAPL,2025-04-05T07:03:12Z,Spigen Japan、Apple Watch Ultraなどに対応したApple Watch用バンド「Athlex Air」を発売。
AAPL,2025-04-05T06:02:58Z,Best Retail Stocks To Follow Now – April 3rd
AAPL,2025-04-05T05:56:45Z,Apple (NASDAQ:AAPL) Stock Price Down 8.7% After Insider Selling
AAPL,2025-04-05T05:54:02Z,Wall Street’s one-day loss tops the entire crypto market cap
AAPL,2025-04-05T04:30:15Z,Bill Gates Shares Original Code That Started It All As Microsoft Celebrates 50 Years: 'That Was The Revolution'
AAPL,2025-04-04T23:12:35Z,Apple (AAPL) Labeled ‘Underweight’ Over Undefined AI Strategy and China Market Declines
AAPL,2025-04-04T21:16:00Z,3 ASX ETFs I would buy and hold for a decade
AAPL,2025-04-04T18:40:37Z,"After $450 billion hit on tariff panic, time to buy Apple stock?"
AAPL,2025-04-04T17:43:00Z,"Chips mostly dodged Trump's tariffs, but that could soon change"
AAPL,2025-04-04T16:04:08Z,"Nvidia Spanked, Market Whacked — What's An Investor To Do? Start Here"
AAPL,2025-04-04T16:03:26Z,Buying opportunities abound as Nasdaq sheds $1.4 trillion in market capitalization
AAPL,2025-04-04T15:50:00Z,"Tariffs will bring higher gadget prices and 'dark days ahead' for tech, analysts say"
AAPL,2025-04-04T15:39:33Z,Nasdaq On Track for Bear Market as Trump Tariff Stock Sell-Off Continues
AAPL,2025-04-04T15:08:05Z,"Industry Comparison: Evaluating Apple Against Competitors In Technology Hardware, Storage & Peripherals Industry"
AAPL,2025-04-04T15:01:08Z,Ralph Lauren in Bidding War With LVMH for SoHo Storefront
AAPL,2025-04-04T14:33:51Z,Apple And Meta Get Nixed — But Top Funds Binge On This Stock
AAPL,2025-04-04T14:22:52Z,Why Is No One Talking About Apple’s (AAPL) Long-term Artificial Intelligence Plans?
AAPL,2025-04-04T14:20:34Z,Apple And Meta Get Nixed — But Top Funds Binge On This Stock
AAPL,2025-04-04T14:15:00Z,"The Magnificent 7 stocks slide again and the Dow drops 1,100 points as China retaliates in trade war"
AAPL,2025-04-04T14:11:30Z,Why Apple may surprise investors with AI after all
AAPL,2025-04-04T14:02:39Z,Analyst Says Apple (AAPL) Needs ‘More Than’ Executive Shakeup Amid Its ‘Vulnerability’
AAPL,2025-04-04T13:54:45Z,Wall Street now hates these 10 stocks because of Trump tariffs
AAPL,2025-04-04T13:30:27Z,Why Apple may surprise investors with AI after all
AAPL,2025-04-04T13:00:50Z,Apple stock hit hard as China retaliates to President Trump’s new slate of U.S. import tariffs
AAPL,2025-04-04T12:42:55Z,Wall Street hunts for cheap tariff-proof stocks after the carnage
AAPL,2025-04-04T12:41:53Z,5 Things to Know Before the Stock Market Opens
AAPL,2025-04-04T12:28:22Z,"Tech, bank stocks bear the brunt as China retaliates to Trump tariffs"
AAPL,2025-04-04T12:10:00Z,"Mag 7, Exxon Nike, Lululemon: Stocks to watch today"
AAPL,2025-04-04T10:52:12Z,"Dow plunges by more than 1,600 points after China retaliates against Trump’s tariffs | CNN Business"
AAPL,2025-04-04T10:00:56Z,"Yahoo Finance newsroom analysis: How Trump's tariffs are affecting Big Tech, retailers, automakers, oil, and bonds"
AAPL,2025-04-04T07:02:49Z,Apple Inc. (NASDAQ:AAPL) Holdings Boosted by Old North State Wealth Management LLC
AAPL,2025-04-04T07:02:49Z,"Bank Hapoalim BM Sells 3,579 Shares of Apple Inc. (NASDAQ:AAPL)"
AAPL,2025-04-04T07:02:48Z,Apple Inc. (NASDAQ:AAPL) Stock Position Cut by Pennsylvania Capital Management Inc. ADV
AAPL,2025-04-04T07:02:48Z,Kathleen S. Wright Associates Inc. Boosts Stock Position in Apple Inc. (NASDAQ:AAPL)
AAPL,2025-04-04T07:02:48Z,"Greenwood Capital Associates LLC Sells 1,645 Shares of Apple Inc. (NASDAQ:AAPL)"
AAPL,2025-04-04T07:02:47Z,Apple Inc. (NASDAQ:AAPL) Shares Bought by James J. Burns & Company LLC
AAPL,2025-04-04T07:02:47Z,Apple Inc. (NASDAQ:AAPL) Shares Sold by Avitas Wealth Management LLC
AAPL,2025-04-04T07:02:47Z,Newton One Investments LLC Boosts Holdings in Apple Inc. (NASDAQ:AAPL)
AAPL,2025-04-04T07:02:47Z,"Ninety One UK Ltd Sells 344,124 Shares of Apple Inc. (NASDAQ:AAPL)"
AAPL,2025-04-04T06:06:51Z,Top Technology Stocks To Watch Today – April 2nd
AAPL,2025-04-04T03:22:46Z,Apple Silicon Mac上でAndroidゲームをプレイ可能にする「BlueStacks Air」が正式にリリース。
AAPL,2025-04-04T00:31:04Z,Which Magnificent 7 stock is most impacted by Trump's tariffs?
AAPL,2025-04-03T22:37:00Z,Analysts see challenges for Apple over tariffs
AAPL,2025-04-03T22:21:33Z,"While AAPL (Apple) suffered the steepest drop in 5 years due to Trump's tariffs, a foreign consumer revolt could further hurt Apple and others U.S. tech companies"
AAPL,2025-04-03T22:00:40Z,Trump Takes a Bite of Apple
AAPL,2025-04-03T21:59:33Z,Logitech、MX Creative ConsoleやMX Brio 705、50x用の新機能を追加した「Logi Option+ v1.88」をリリース。
AAPL,2025-04-03T20:45:07Z,ETF Investing: Should I buy VTS or A200?
AAPL,2025-04-03T20:31:48Z,Jim Cramer Says He’s ‘With’ Latest Apple (AAPL) Bull Note With $275 Price Target
AAPL,2025-04-03T20:24:17Z,Intel and TSMC reach tentative deal on chip manufacturing: Report
AAPL,2025-04-03T20:18:25Z,Should I buy the NDQ ETF after the Wall Street's crash?
AAPL,2025-04-03T20:14:01Z,Apple Enters Oversold Territory
AAPL,2025-04-03T19:26:54Z,Trump tank stonks
AAPL,2025-04-03T18:53:00Z,Three ways Big Tech is vulnerable to EU tariff retaliation
AAPL,2025-04-03T18:36:00Z,Trump says his tariffs will bring jobs back to the U.S. It's not that simple
AAPL,2025-04-03T18:24:43Z,"Cramer Said the Market Always Closes Too High Versus the Morning. Watch Apple (AAPL), META (META) and Microsoft (MSFT) Today"
AAPL,2025-04-03T17:57:27Z,"Apple sheds $300 billion in tariff-fueled sell-off, on track for worst drop since March 2020"
AAPL,2025-04-03T17:56:00Z,"""Liquidation Day"": Why markets are bracing for a sharp downturn, according to a strategist"
AAPL,2025-04-03T16:55:01Z,IonQ Chosen For DARPA Program. Quantum Computing Stocks Fall Amid Trump Tariffs.
AAPL,2025-04-03T16:52:43Z,Markets Shudder: Apple Leads Magnificent 7 Big Tech Stocks’ $1 Trillion Crash (Live Updates) - Forbes
AAPL,2025-04-03T16:44:43Z,"Top Stock Movers Now: Apple, Target, Lamb Weston, and More"
AAPL,2025-04-03T16:44:30Z,Bearish Options Trade on AAPL Unveiled
AAPL,2025-04-03T16:29:34Z,Bearish Options Trade on AAPL Unveiled
AAPL,2025-04-03T16:00:06Z,Schwab Network Commentators Pile on AAPL Stock
AAPL,2025-04-03T15:50:26Z,Super Micro Computer’s NVIDIA HGX B200 Systems Show Over “3 Times The Tokens Per Second (Token/s) Generation For Llama2-70b And Llama3.1-405b Benchmarks Compared To H200 8-GPU Systems”
AAPL,2025-04-03T15:45:37Z,Schwab Network Commentators Pile on AAPL Stock
AAPL,2025-04-03T15:16:03Z,The EU Investigations In To US Tech Companies Are Getting Beyond Ridiculous
AAPL,2025-04-03T15:15:45Z,"Market Analysis: Apple And Competitors In Technology Hardware, Storage & Peripherals Industry"
AAPL,2025-04-03T14:50:40Z,"Nvidia, TSMC, chip stocks crash as Trump’s new tariffs shake semiconductor industry – How will rising costs and supply chain disruptions impact AI and tech companies?"
AAPL,2025-04-03T14:35:00Z,Apple leads Magnificent 7 stock drop amid Trump tariffs
AAPL,2025-04-03T13:51:36Z,Apple stock drops almost 10% on market open in reaction to new tariffs
AAPL,2025-04-03T13:30:46Z,"Stock market today: S&P 500, Nasdaq plunge, Dow drops 1,300 points as Trump's tariffs rip through markets worldwide"
AAPL,2025-04-03T13:30:46Z,"Stock market today: S&P 500, Nasdaq plunge, Dow drops 1,400 points as Trump's tariffs shock markets"
AAPL,2025-04-03T13:25:03Z,Three ways US iPhone buyers could avoid 40% price rises from Trump tariffs
AAPL,2025-04-03T13:13:50Z,Is Relatively Well-Positioned for Tariffs
AAPL,2025-04-03T12:55:01Z,Analyst Says Apple (AAPL) Is Relatively Well-Positioned for Tariffs
AAPL,2025-04-03T12:53:45Z,Dow plunges and dollar weakens as recession fears grip Wall Street | CNN Business
AAPL,2025-04-03T12:30:00Z,"Stocks tumble after Trump's tariff reveal, with Dow set to shed 1,000 points"
AAPL,2025-04-03T12:18:40Z,"Dow Jones Futures Plunge 1,200 Points On Trump Tariffs; Apple, Nvidia, Tesla Dive"
AAPL,2025-04-03T12:12:42Z,Big Tech 'Magnificent Seven' Stocks Take a Hammering in Premarket
AAPL,2025-04-03T12:03:33Z,"Questrade introduces $0 commission, real-time fractional stock and ETF trading, reminding Canadians there’s no better time to Get Yours"
AAPL,2025-04-03T12:00:00Z,"Questrade introduces $0 commission, real-time fractional stock and ETF trading, reminding Canadians there’s no better time to Get Yours"
AAPL,2025-04-03T11:58:00Z,"Mag 7, Nike, Lululemon, Deckers, PDD, GM: Stocks to watch"
AAPL,2025-04-03T10:57:27Z,"Stock market today: Nasdaq futures lead stock plunge, Dow drops 1,000 points as Trump's punishing tariffs rip through markets"
AAPL,2025-04-03T10:30:25Z,Will Apple Stock Fall To $150 On Tariff Troubles?
AAPL,2025-04-03T10:18:33Z,Global Stocks Plunge on Larger-Than-Expected US Tariffs
AAPL,2025-04-03T07:38:49Z,Dupree Financial Group LLC Acquires 305 Shares of Apple Inc. (NASDAQ:AAPL)
AAPL,2025-04-03T07:38:49Z,Vantage Point Financial LLC Buys New Position in Apple Inc. (NASDAQ:AAPL)
GOOGL,2025-04-05T13:00:00Z,"Nvidia's bad day, Microsoft's AI plans, Amazon's TikTok play, and Intel's future: Tech news roundup"
GOOGL,2025-04-05T10:13:06Z,Anthracite Investment Company Inc. Boosts Stock Position in Alphabet Inc. (NASDAQ:GOOGL)
GOOGL,2025-04-05T09:41:16Z,Core Wealth Partners LLC Acquires 799 Shares of Alphabet Inc. (NASDAQ:GOOGL)
GOOGL,2025-04-05T09:41:15Z,Alphabet Inc. (NASDAQ:GOOGL) is Banco BTG Pactual S.A.’s 7th Largest Position
GOOGL,2025-04-05T09:41:15Z,UNIVEST FINANCIAL Corp Acquires 515 Shares of Alphabet Inc. (NASDAQ:GOOGL)
GOOGL,2025-04-05T09:41:14Z,Alphabet Inc. (NASDAQ:GOOGL) Holdings Reduced by America First Investment Advisors LLC
GOOGL,2025-04-05T09:41:12Z,Morey & Quinn Wealth Partners LLC Makes New Investment in Alphabet Inc. (NASDAQ:GOOGL)
GOOGL,2025-04-05T09:41:07Z,Wambolt & Associates LLC Decreases Stock Holdings in Alphabet Inc. (NASDAQ:GOOGL)
GOOGL,2025-04-05T09:41:04Z,Financial Engines Advisors L.L.C. Has $22.11 Million Stake in Alphabet Inc. (NASDAQ:GOOGL)
GOOGL,2025-04-05T09:41:04Z,Alphabet Inc. (NASDAQ:GOOGL) is Mizuho Securities Co. Ltd.’s 5th Largest Position
GOOGL,2025-04-05T09:41:03Z,Long Corridor Asset Management Ltd Boosts Stock Position in Alphabet Inc. (NASDAQ:GOOGL)
GOOGL,2025-04-05T09:40:55Z,Penobscot Investment Management Company Inc. Has $26.51 Million Stock Holdings in Alphabet Inc. (NASDAQ:GOOGL)
GOOGL,2025-04-05T09:40:55Z,Alphabet Inc. (NASDAQ:GOOGL) Shares Bought by Summitry LLC
GOOGL,2025-04-05T07:39:06Z,"Bay Capital Advisors LLC Acquires Shares of 7,400 Alphabet Inc. (NASDAQ:GOOGL)"
GOOGL,2025-04-05T07:39:01Z,Alphabet Inc. (NASDAQ:GOOGL) Stock Position Lowered by First American Trust FSB
GOOGL,2025-04-05T07:38:59Z,Alphabet Inc. (NASDAQ:GOOGL) Shares Sold by Meiji Yasuda Asset Management Co Ltd.
GOOGL,2025-04-05T07:38:57Z,"Momentous Wealth Management Inc. Makes New $344,000 Investment in Alphabet Inc. (NASDAQ:GOOGL)"
GOOGL,2025-04-05T07:38:56Z,Jackson Square Partners LLC Trims Holdings in Alphabet Inc. (NASDAQ:GOOGL)
GOOGL,2025-04-05T07:38:56Z,Alphabet Inc. (NASDAQ:GOOGL) Shares Bought by Aire Advisors LLC
GOOGL,2025-04-05T07:38:54Z,PKS Advisory Services LLC Takes Position in Alphabet Inc. (NASDAQ:GOOGL)
GOOGL,2025-04-05T07:38:53Z,Prestige Wealth Management Group LLC Decreases Stake in Alphabet Inc. (NASDAQ:GOOGL)
GOOGL,2025-04-05T07:38:50Z,"Syverson Strege & Co Takes $249,000 Position in Alphabet Inc. (NASDAQ:GOOGL)"
GOOGL,2025-04-05T06:34:47Z,Cybersecurity Stocks To Consider – April 3rd
GOOGL,2025-04-05T03:07:12Z,Alphabet (GOOGL) Price Target Cut as AI Threat Looms Over Google Search Dominance
GOOGL,2025-04-04T22:16:37Z,Is Alphabet Inc. (GOOGL) the Best Innovative Stock to Buy According to Analysts?
GOOGL,2025-04-04T22:10:47Z,Jim Cramer on Alphabet (GOOGL): “I’ve Left Google—And I’m Not Looking Back!”
GOOGL,2025-04-04T16:04:08Z,"Nvidia Spanked, Market Whacked — What's An Investor To Do? Start Here"
GOOGL,2025-04-04T15:50:00Z,"Tariffs will bring higher gadget prices and 'dark days ahead' for tech, analysts say"
GOOGL,2025-04-04T14:33:51Z,Apple And Meta Get Nixed — But Top Funds Binge On This Stock
GOOGL,2025-04-04T14:20:34Z,Apple And Meta Get Nixed — But Top Funds Binge On This Stock
GOOGL,2025-04-04T14:15:00Z,"The Magnificent 7 stocks slide again and the Dow drops 1,100 points as China retaliates in trade war"
GOOGL,2025-04-04T13:30:27Z,Why Apple may surprise investors with AI after all
GOOGL,2025-04-04T12:28:22Z,"Tech, bank stocks bear the brunt as China retaliates to Trump tariffs"
GOOGL,2025-04-04T12:10:00Z,"Mag 7, Exxon Nike, Lululemon: Stocks to watch today"
GOOGL,2025-04-04T09:29:02Z,Jackson Thornton Wealth Management LLC Increases Stock Holdings in Alphabet Inc. (NASDAQ:GOOGL)
GOOGL,2025-04-04T09:29:00Z,Alphabet Inc. (NASDAQ:GOOGL) is Houlihan Financial Resource Group Ltd.’s 5th Largest Position
GOOGL,2025-04-04T09:29:00Z,Sequent Planning LLC Grows Stock Holdings in Alphabet Inc. (NASDAQ:GOOGL)
GOOGL,2025-04-04T09:28:59Z,Alphabet Inc. (NASDAQ:GOOGL) Stock Holdings Increased by Lynx Investment Advisory
GOOGL,2025-04-04T09:28:56Z,Woodmont Investment Counsel LLC Acquires 262 Shares of Alphabet Inc. (NASDAQ:GOOGL)
GOOGL,2025-04-04T09:28:56Z,Alphabet Inc. (NASDAQ:GOOGL) is Dudley Capital Management LLC’s 6th Largest Position
GOOGL,2025-04-04T09:28:56Z,Templeton & Phillips Capital Management LLC Sells 172 Shares of Alphabet Inc. (NASDAQ:GOOGL)
GOOGL,2025-04-04T09:28:55Z,"ICW Investment Advisors LLC Purchases 1,089 Shares of Alphabet Inc. (NASDAQ:GOOGL)"
GOOGL,2025-04-04T08:11:00Z,Modern Wealth Management LLC Grows Holdings in Alphabet Inc. (NASDAQ:GOOGL)
GOOGL,2025-04-04T08:11:00Z,Prospect Financial Group LLC Makes New Investment in Alphabet Inc. (NASDAQ:GOOGL)
GOOGL,2025-04-04T08:10:59Z,Princeton Capital Management LLC Cuts Position in Alphabet Inc. (NASDAQ:GOOGL)
GOOGL,2025-04-04T08:10:57Z,TIAA Trust National Association Has $198.87 Million Stake in Alphabet Inc. (NASDAQ:GOOGL)
GOOGL,2025-04-04T08:10:57Z,"Segall Bryant & Hamill LLC Sells 64,335 Shares of Alphabet Inc. (NASDAQ:GOOGL)"
GOOGL,2025-04-04T08:10:56Z,Barnett & Company Inc. Increases Stake in Alphabet Inc. (NASDAQ:GOOGL)
GOOGL,2025-04-04T08:10:56Z,Alphabet Inc. (NASDAQ:GOOGL) Shares Sold by Napean Trading & Investment Co Singapore PTE Ltd
GOOGL,2025-04-04T08:10:51Z,WorthPointe LLC Increases Holdings in Alphabet Inc. (NASDAQ:GOOGL)
GOOGL,2025-04-04T08:10:51Z,Rovida Investment Management Ltd Invests $15.15 Million in Alphabet Inc. (NASDAQ:GOOGL)
GOOGL,2025-04-04T08:10:48Z,Alphabet Inc. (NASDAQ:GOOGL) Shares Bought by TD Asset Management Inc.
GOOGL,2025-04-04T06:38:48Z,Healthcare Stocks To Consider – April 2nd
GOOGL,2025-04-04T05:52:43Z,Alphabet (NASDAQ:GOOGL) Shares Down 0.3% on Insider Selling
GOOGL,2025-04-03T20:27:01Z,Jim Cramer on Alphabet Inc. (GOOGL): “There’s No Good News”
GOOGL,2025-04-03T18:53:00Z,Three ways Big Tech is vulnerable to EU tariff retaliation
GOOGL,2025-04-03T17:57:27Z,"Apple sheds $300 billion in tariff-fueled sell-off, on track for worst drop since March 2020"
GOOGL,2025-04-03T16:28:01Z,Lyft Stock Falls On Downgrade. Analyst Says Robotaxis Are Bigger Risk For Lyft Than Uber.
GOOGL,2025-04-03T16:08:45Z,Community Bank N.A. Boosts Stock Holdings in Alphabet Inc. (NASDAQ:GOOGL)
GOOGL,2025-04-03T16:08:44Z,Alphabet Inc. (NASDAQ:GOOGL) Shares Sold by Hill Island Financial LLC
GOOGL,2025-04-03T16:08:44Z,Vanguard Group Inc. Reduces Position in Alphabet Inc. (NASDAQ:GOOGL)
GOOGL,2025-04-03T16:08:44Z,United Services Automobile Association Has $24.90 Million Position in Alphabet Inc. (NASDAQ:GOOGL)
GOOGL,2025-04-03T16:08:44Z,Emerald Advisers LLC Boosts Stake in Alphabet Inc. (NASDAQ:GOOGL)
GOOGL,2025-04-03T16:08:44Z,"Congress Wealth Management LLC DE Acquires 84,950 Shares of Alphabet Inc. (NASDAQ:GOOGL)"
GOOGL,2025-04-03T16:08:44Z,"Clune & Associates LTD. Invests $441,000 in Alphabet Inc. (NASDAQ:GOOGL)"
GOOGL,2025-04-03T16:08:44Z,Meridian Wealth Partners LLC Raises Stock Position in Alphabet Inc. (NASDAQ:GOOGL)
GOOGL,2025-04-03T15:16:03Z,The EU Investigations In To US Tech Companies Are Getting Beyond Ridiculous
GOOGL,2025-04-03T15:03:00Z,Veteran fund manager who forecast S&P 500 crash unveils surprising update
GOOGL,2025-04-03T14:35:00Z,Apple leads Magnificent 7 stock drop amid Trump tariffs
GOOGL,2025-04-03T14:20:46Z,A Bull Case Theory
GOOGL,2025-04-03T13:30:46Z,"Stock market today: S&P 500, Nasdaq plunge, Dow drops 1,400 points as Trump's tariffs shock markets"
GOOGL,2025-04-03T12:30:00Z,"Stocks tumble after Trump's tariff reveal, with Dow set to shed 1,000 points"
GOOGL,2025-04-03T12:12:42Z,Big Tech 'Magnificent Seven' Stocks Take a Hammering in Premarket
GOOGL,2025-04-03T12:07:26Z,Dividend Stocks: Smoking-Hot 7.3% Yield Lights Up Demand
GOOGL,2025-04-03T12:03:33Z,"Questrade introduces $0 commission, real-time fractional stock and ETF trading, reminding Canadians there’s no better time to Get Yours"
GOOGL,2025-04-03T12:00:00Z,"Questrade introduces $0 commission, real-time fractional stock and ETF trading, reminding Canadians there’s no better time to Get Yours"
GOOGL,2025-04-03T11:58:00Z,"Mag 7, Nike, Lululemon, Deckers, PDD, GM: Stocks to watch"
GOOGL,2025-04-03T10:18:33Z,Global Stocks Plunge on Larger-Than-Expected US Tariffs
GOOGL,2025-04-03T09:20:56Z,"Swan Global Investments LLC Invests $395,000 in Alphabet Inc. (NASDAQ:GOOGL)"
GOOGL,2025-04-03T08:02:55Z,Banco de Sabadell S.A Buys 390 Shares of Alphabet Inc. (NASDAQ:GOOGL)
GOOGL,2025-04-03T08:02:52Z,Mosley Wealth Management Boosts Stock Holdings in Alphabet Inc. (NASDAQ:GOOGL)
GOOGL,2025-04-03T06:40:43Z,Technology Stocks To Watch Now – April 1st
GOOGL,2025-04-03T06:04:52Z,Healthcare Stocks To Keep An Eye On – April 1st
GOOGL,2025-04-03T05:26:55Z,Alphabet (NASDAQ:GOOGL) Stock Rating Upgraded by Westpark Capital
GOOGL,2025-04-03T04:16:50Z,How are the 'Magnificent Seven' reacting to Trump's tarrifs in aftermarket trade?
GOOGL,2025-04-02T23:41:00Z,Trump’s tariffs are having a surprising impact on the U.S. dollar. Here’s how investors can benefit.
GOOGL,2025-04-02T22:05:00Z,"Mag 7, other stocks fall post-market after Trump's tariff announcement"
GOOGL,2025-04-02T21:25:03Z,Meta’s A.I. Research Head Joelle Pineau Steps Down
GOOGL,2025-04-02T16:10:41Z,These 2 Stocks Had Higher Returns Than Nvidia in 2024 — Should You Invest Now?
GOOGL,2025-04-02T12:33:00Z,A coal plant in Pennsylvania was imploded to build an AI data center
GOOGL,2025-04-02T11:56:00Z,"Tesla, Newsmax, Big Tech: Stocks to watch today"
GOOGL,2025-04-02T11:31:24Z,Google Testing Indent Vertical Bars By Title & Descriptions Of Search Results
GOOGL,2025-04-02T11:21:03Z,Wayfinding Financial LLC Acquires New Holdings in Alphabet Inc. (NASDAQ:GOOGL)
GOOGL,2025-04-02T11:21:02Z,Cyrus J. Lawrence LLC Sells 428 Shares of Alphabet Inc. (NASDAQ:GOOGL)
GOOGL,2025-04-02T11:21:02Z,Fortis Capital Management LLC Raises Stock Position in Alphabet Inc. (NASDAQ:GOOGL)
GOOGL,2025-04-02T11:21:01Z,Alphabet Inc. (NASDAQ:GOOGL) Shares Sold by Summit Global Investments
GOOGL,2025-04-02T11:21:00Z,Mindset Wealth Management LLC Grows Holdings in Alphabet Inc. (NASDAQ:GOOGL)
GOOGL,2025-04-02T11:20:59Z,Garland Capital Management Inc. Acquires New Position in Alphabet Inc. (NASDAQ:GOOGL)
GOOGL,2025-04-02T11:20:59Z,Atlas Wealth LLC Grows Stake in Alphabet Inc. (NASDAQ:GOOGL)
GOOGL,2025-04-02T11:20:59Z,"32,000 Shares in Alphabet Inc. (NASDAQ:GOOGL) Acquired by Truffle Hound Capital LLC"
MSFT,2025-04-05T13:00:00Z,"Nvidia's bad day, Microsoft's AI plans, Amazon's TikTok play, and Intel's future: Tech news roundup"
MSFT,2025-04-05T07:42:56Z,"1,958 Shares in Microsoft Co. (NASDAQ:MSFT) Purchased by Centerline Wealth Advisors LLC"
MSFT,2025-04-05T07:07:01Z,"Graphene Investments SAS Sells 8,100 Shares of Microsoft Co. (NASDAQ:MSFT)"
MSFT,2025-04-05T07:07:01Z,Keystone Financial Group Inc. Acquires Shares of 895 Microsoft Co. (NASDAQ:MSFT)
MSFT,2025-04-05T07:07:01Z,"Live Oak Private Wealth LLC Sells 2,785 Shares of Microsoft Co. (NASDAQ:MSFT)"
MSFT,2025-04-05T07:07:01Z,Sumitomo Mitsui Trust Group Inc. Trims Stake in Microsoft Co. (NASDAQ:MSFT)
MSFT,2025-04-05T07:07:00Z,"21,806 Shares in Microsoft Co. (NASDAQ:MSFT) Bought by Golden State Wealth Management LLC"
MSFT,2025-04-05T07:07:00Z,Microsoft Co. (NASDAQ:MSFT) Position Lowered by Guardian Wealth Advisors LLC
MSFT,2025-04-05T07:06:59Z,Microsoft Co. (NASDAQ:MSFT) Stock Holdings Reduced by Solutions 4 Wealth Ltd
MSFT,2025-04-05T07:06:56Z,Tandem Financial LLC Takes Position in Microsoft Co. (NASDAQ:MSFT)
MSFT,2025-04-05T07:06:56Z,"Global X Japan Co. Ltd. Acquires 9,924 Shares of Microsoft Co. (NASDAQ:MSFT)"
MSFT,2025-04-05T06:02:58Z,Best Retail Stocks To Follow Now – April 3rd
MSFT,2025-04-05T04:30:15Z,Bill Gates Shares Original Code That Started It All As Microsoft Celebrates 50 Years: 'That Was The Revolution'
MSFT,2025-04-04T23:01:05Z,Microsoft (MSFT) Price Target Cut to $500 by Jefferies
MSFT,2025-04-04T21:23:06Z,Scotiabank Bullish on Microsoft (MSFT): Why AI Growth on Azure Could Propel Microsoft in 2025
MSFT,2025-04-04T21:16:00Z,3 ASX ETFs I would buy and hold for a decade
MSFT,2025-04-04T19:00:09Z,Bitcoin decoupling from tech stocks indicates new geopolitical use as economic hedge – StanChart
MSFT,2025-04-04T18:26:26Z,Microsoft's Copilot gets personal for 50th anniversary
MSFT,2025-04-04T17:26:48Z,Bill Gates Celebrates Microsoft’s 50th Anniversary With Its Original Source Code
MSFT,2025-04-04T15:07:36Z,Assessing Microsoft's Performance Against Competitors In Software Industry
MSFT,2025-04-04T14:20:34Z,Apple And Meta Get Nixed — But Top Funds Binge On This Stock
MSFT,2025-04-04T14:15:00Z,"The Magnificent 7 stocks slide again and the Dow drops 1,100 points as China retaliates in trade war"
MSFT,2025-04-04T12:28:22Z,"Tech, bank stocks bear the brunt as China retaliates to Trump tariffs"
MSFT,2025-04-04T12:16:21Z,Here’s What Generation Investment Management Thinks on its Long-Term Holding Microsoft Corporation (MSFT)
MSFT,2025-04-04T12:10:00Z,"Mag 7, Exxon Nike, Lululemon: Stocks to watch today"
MSFT,2025-04-04T12:00:09Z,Microsoft Turns 50: Where Are Its 12 Founding Employees Today?
MSFT,2025-04-04T08:25:03Z,Etesian Wealth Advisors Inc. Increases Stake in Microsoft Co. (NASDAQ:MSFT)
MSFT,2025-04-04T08:25:02Z,"Encompass Wealth Advisors LLC Sells 4,439 Shares of Microsoft Co. (NASDAQ:MSFT)"
MSFT,2025-04-04T08:24:57Z,Klein Pavlis & Peasley Financial Inc. Sells 111 Shares of Microsoft Co. (NASDAQ:MSFT)
MSFT,2025-04-04T07:43:04Z,Iron Horse Wealth Management LLC Raises Stock Holdings in Microsoft Co. (NASDAQ:MSFT)
MSFT,2025-04-04T07:43:04Z,Hedeker Wealth LLC Has $19.79 Million Stake in Microsoft Co. (NASDAQ:MSFT)
MSFT,2025-04-04T07:02:49Z,Microsoft Co. (NASDAQ:MSFT) Stake Boosted by Adero Partners LLC
MSFT,2025-04-04T07:02:49Z,Telos Capital Management Inc. Sells 633 Shares of Microsoft Co. (NASDAQ:MSFT)
MSFT,2025-04-04T07:02:49Z,McHugh Group LLC Takes $10.96 Million Position in Microsoft Co. (NASDAQ:MSFT)
MSFT,2025-04-04T07:02:48Z,Oakworth Capital Inc. Has $19.97 Million Holdings in Microsoft Co. (NASDAQ:MSFT)
MSFT,2025-04-04T07:02:47Z,Beacon Financial Advisory LLC Purchases 456 Shares of Microsoft Co. (NASDAQ:MSFT)
MSFT,2025-04-04T02:34:57Z,Brokers name 3 ASX shares to buy today
MSFT,2025-04-03T22:07:32Z,Here's How Much $1000 Invested In Microsoft 20 Years Ago Would Be Worth Today
MSFT,2025-04-03T20:45:07Z,ETF Investing: Should I buy VTS or A200?
MSFT,2025-04-03T20:24:17Z,Intel and TSMC reach tentative deal on chip manufacturing: Report
MSFT,2025-04-03T20:18:25Z,Should I buy the NDQ ETF after the Wall Street's crash?
MSFT,2025-04-03T18:53:00Z,Three ways Big Tech is vulnerable to EU tariff retaliation
MSFT,2025-04-03T18:36:00Z,Trump says his tariffs will bring jobs back to the U.S. It's not that simple
MSFT,2025-04-03T18:24:43Z,"Cramer Said the Market Always Closes Too High Versus the Morning. Watch Apple (AAPL), META (META) and Microsoft (MSFT) Today"
MSFT,2025-04-03T17:57:27Z,"Apple sheds $300 billion in tariff-fueled sell-off, on track for worst drop since March 2020"
MSFT,2025-04-03T16:41:00Z,Microsoft could be reassessing its AI plans while pulling back on data centers
MSFT,2025-04-03T15:15:38Z,Inquiry Into Microsoft's Competitor Dynamics In Software Industry
MSFT,2025-04-03T15:03:00Z,Veteran fund manager who forecast S&P 500 crash unveils surprising update
MSFT,2025-04-03T14:35:00Z,Apple leads Magnificent 7 stock drop amid Trump tariffs
MSFT,2025-04-03T13:30:46Z,"Stock market today: S&P 500, Nasdaq plunge, Dow drops 1,400 points as Trump's tariffs shock markets"
MSFT,2025-04-03T12:40:54Z,Here’re the Reasons Why Artisan Global Opportunities Fund Ended Its Investment Campaigns in Microsoft Corporation (MSFT)
MSFT,2025-04-03T12:30:00Z,"Stocks tumble after Trump's tariff reveal, with Dow set to shed 1,000 points"
MSFT,2025-04-03T12:22:22Z,Here’re the Reasons Why Artisan Global Opportunities Fund Ended Its Investment Campaigns in Microsoft Corporation (MSFT)
MSFT,2025-04-03T12:12:42Z,Big Tech 'Magnificent Seven' Stocks Take a Hammering in Premarket
MSFT,2025-04-03T12:12:13Z,softrader added to PyPI
MSFT,2025-04-03T12:03:33Z,"Questrade introduces $0 commission, real-time fractional stock and ETF trading, reminding Canadians there’s no better time to Get Yours"
MSFT,2025-04-03T12:00:00Z,"Questrade introduces $0 commission, real-time fractional stock and ETF trading, reminding Canadians there’s no better time to Get Yours"
MSFT,2025-04-03T11:58:00Z,"Mag 7, Nike, Lululemon, Deckers, PDD, GM: Stocks to watch"
MSFT,2025-04-03T10:18:33Z,Global Stocks Plunge on Larger-Than-Expected US Tariffs
MSFT,2025-04-03T09:00:00Z,Microsoft will announce AI next steps at anniversary tomorrow. Here's what to expect
MSFT,2025-04-03T09:00:00Z,11 of the world’s most expensive and unique art collections
MSFT,2025-04-03T08:22:53Z,Clayton Financial Group LLC Sells 62 Shares of Microsoft Co. (NASDAQ:MSFT)
MSFT,2025-04-03T08:22:52Z,Private Management Group Inc. Buys 121 Shares of Microsoft Co. (NASDAQ:MSFT)
MSFT,2025-04-03T08:22:50Z,Microsoft Co. (NASDAQ:MSFT) Shares Purchased by Robertson Stephens Wealth Management LLC
MSFT,2025-04-03T08:22:49Z,Onyx Bridge Wealth Group LLC Boosts Stock Holdings in Microsoft Co. (NASDAQ:MSFT)
MSFT,2025-04-03T08:22:49Z,Microsoft Co. (NASDAQ:MSFT) Stock Holdings Lessened by Long Run Wealth Advisors LLC
MSFT,2025-04-03T07:34:49Z,Westpark Capital Initiates Coverage on Microsoft (NASDAQ:MSFT)
MSFT,2025-04-03T07:03:04Z,Vision Capital Management Inc. Reduces Holdings in Microsoft Co. (NASDAQ:MSFT)
MSFT,2025-04-03T07:02:56Z,Summit Wealth Partners LLC Has $2.86 Million Stock Holdings in Microsoft Co. (NASDAQ:MSFT)
MSFT,2025-04-03T07:02:55Z,"Bleakley Financial Group LLC Acquires 2,903 Shares of Microsoft Co. (NASDAQ:MSFT)"
MSFT,2025-04-03T07:02:54Z,Vanderbilt University Has $7.15 Million Holdings in Microsoft Co. (NASDAQ:MSFT)
MSFT,2025-04-03T07:02:49Z,Capital Investment Services of America Inc. Raises Holdings in Microsoft Co. (NASDAQ:MSFT)
MSFT,2025-04-03T07:02:48Z,NovaPoint Capital LLC Buys 412 Shares of Microsoft Co. (NASDAQ:MSFT)
MSFT,2025-04-03T06:40:43Z,Technology Stocks To Watch Now – April 1st
MSFT,2025-04-03T04:16:50Z,How are the 'Magnificent Seven' reacting to Trump's tarrifs in aftermarket trade?
MSFT,2025-04-02T23:41:00Z,Trump’s tariffs are having a surprising impact on the U.S. dollar. Here’s how investors can benefit.
MSFT,2025-04-02T22:05:00Z,"Mag 7, other stocks fall post-market after Trump's tariff announcement"
MSFT,2025-04-02T21:10:00Z,"I can own Apple, Nvidia, Microsoft, and Tesla with this simple ASX ETF"
MSFT,2025-04-02T15:15:39Z,Understanding Microsoft's Position In Software Industry Compared To Competitors
MSFT,2025-04-02T13:21:10Z,Molson Coors Nominates Chris Cocks as an Independent Director to Join Its Board of Directors
MSFT,2025-04-02T12:33:00Z,A coal plant in Pennsylvania was imploded to build an AI data center
MSFT,2025-04-02T11:56:00Z,"Tesla, Newsmax, Big Tech: Stocks to watch today"
MSFT,2025-04-02T09:00:00Z,Microsoft is turning 50. Here are 4 of its peers that are also still around
MSFT,2025-04-02T08:43:00Z,Virginia Wealth Management Group Inc. Has $5.51 Million Stock Position in Microsoft Co. (NASDAQ:MSFT)
MSFT,2025-04-02T08:43:00Z,Microsoft Co. (NASDAQ:MSFT) is Meritage Portfolio Management’s 2nd Largest Position
MSFT,2025-04-02T08:42:59Z,Osprey Private Wealth LLC Raises Stock Holdings in Microsoft Co. (NASDAQ:MSFT)
MSFT,2025-04-02T08:42:58Z,Microsoft Co. (NASDAQ:MSFT) Shares Sold by Martin Capital Partners LLC
MSFT,2025-04-02T08:42:57Z,Microsoft Co. (NASDAQ:MSFT) is Lockheed Martin Investment Management Co.’s 2nd Largest Position
MSFT,2025-04-02T08:42:57Z,Tectonic Advisors LLC Has $5.35 Million Holdings in Microsoft Co. (NASDAQ:MSFT)
MSFT,2025-04-02T08:42:56Z,Massachusetts Wealth Management Sells 77 Shares of Microsoft Co. (NASDAQ:MSFT)
MSFT,2025-04-02T07:08:59Z,Microsoft Co. (NASDAQ:MSFT) is Alexander Labrunerie & CO. Inc.’s 6th Largest Position
MSFT,2025-04-02T07:08:58Z,"Stratos Wealth Advisors LLC Sells 3,027 Shares of Microsoft Co. (NASDAQ:MSFT)"
MSFT,2025-04-02T07:08:50Z,Retirement Systems of Alabama Has $1.13 Billion Position in Microsoft Co. (NASDAQ:MSFT)
MSFT,2025-04-02T07:08:50Z,Aua Capital Management LLC Sells 753 Shares of Microsoft Co. (NASDAQ:MSFT)
MSFT,2025-04-02T06:36:51Z,Microsoft (NASDAQ:MSFT) Trading Down 2.8% After Analyst Downgrade
MSFT,2025-04-02T05:54:56Z,Microsoft (NASDAQ:MSFT) Price Target Lowered to $500.00 at Jefferies Financial Group
MSFT,2025-04-02T05:12:49Z,Microsoft (NASDAQ:MSFT) Sets New 1-Year Low on Analyst Downgrade
MSFT,2025-04-01T22:09:35Z,Microsoft Corporation (MSFT): Among The Best US Stocks To Buy For Foreign Investors
MSFT,2025-04-01T20:03:00Z,S&P 500 and Nasdaq post worst quarter since 2022. Time to buy NDQ on sale?
MSFT,2025-04-01T17:25:48Z,"Jim Cramer’s Was Absolutely Wrong As Nvidia (NVDA), Microsoft (MSFT) and Tesla (TSLA) Shoot Higher Today"
AMD,2025-04-05T14:13:16Z,"AMD Plans To Release An “AI-Focused” Ryzen Z2 AI Extreme SoC For Gaming Handhelds, Competing With Intel’s Lunar Lake"
AMD,2025-04-05T13:31:10Z,Award-winning 32-inch 4K 240 Hz QD-OLED gaming monitor is now available at a record-low price of $759
AMD,2025-04-05T12:40:31Z,LG UltraGear Curved Gaming Monitor Sees Its First Major Price Drop of the Year on Amazon
AMD,2025-04-05T12:00:00Z,"I reviewed the Samsung QN900F: good enough to sway 8K cynics, and it’s not even Samsung’s most expensive 8K TV"
AMD,2025-04-05T11:30:58Z,Sapphire Nitro+ Radeon RX 7900 XTX 24GB GPU $1699 + Delivery ($0 to Metro Areas/ SYD C&C) @ Mwave
AMD,2025-04-05T11:05:57Z,(Help) How To Play Games On Steam With GPU Accelerated Rendering On In Ubuntu (With KDE Kubuntu Desktop Environment) AMD Gpu
AMD,2025-04-05T11:05:57Z,How To Play Games On Steam With GPU Accelerated Rendering On Ubuntu (With KDE Kubuntu Desktop Environment) AMD Gpu
AMD,2025-04-05T11:00:00Z,AMD Ryzen CPU failures: what’s happened and what it means for you
AMD,2025-04-05T10:35:00Z,LACT 0.7.3 Further Enhances This GPU Configuration & Monitoring Tool
AMD,2025-04-05T10:12:03Z,Ubuntu 22.04 installation error
AMD,2025-04-05T10:07:55Z,"GMKtec Mini PC M7: Ryzen 7 PRO 6850H, 16DDR5, 512GB SSD $346.99"
AMD,2025-04-05T10:02:37Z,"Port of Seattle ‘s August data breach impacted 90,000 people"
AMD,2025-04-05T09:29:03Z,"Indiana Jones, South of Midnight and More: The Biggest Games of April"
AMD,2025-04-05T09:13:39Z,Russell Coker: More About the HP ML110 Gen9 and z640
AMD,2025-04-05T08:00:00Z,Daily Tech News 5 April 2025
AMD,2025-04-05T07:09:02Z,"Deals: Moto Edge 60 Fusion and Pixel 9a arrive, iPhone 16  and 15 series are £100 off"
AMD,2025-04-05T06:10:53Z,"Steam games open on wrong monitor, mismatched input and resolution"
AMD,2025-04-05T06:07:01Z,Brokers Set Expectations for Kodiak Sciences Q2 Earnings
AMD,2025-04-05T05:24:01Z,PARLIAMENT QUESTION: NEW URANIUM DEPOSITS
AMD,2025-04-05T05:23:35Z,PARLIAMENT QUESTION: OPERATIONAL NUCLEAR POWER PLANTS
AMD,2025-04-05T01:57:14Z,Is whakapapa the answer to better health treatment?
AMD,2025-04-05T01:54:25Z,PARLIAMENT QUESTION: NATIONAL RARE EARTHS POLICY
AMD,2025-04-05T01:22:27Z,"changing owner of all Ubuntu files, possible hack?"
AMD,2025-04-05T01:12:50Z,AMD Ryzen 7 5800XT 8-Core/16-Thread Unlocked Desktop Processor $140 + Free Shipping
AMD,2025-04-05T00:30:00Z,11 months & counting: Open Cloud Compute yet to go live
AMD,2025-04-04T23:06:28Z,G.Skill unveils lightning-fast DDR5 128GB RAM and 64GB RAM kits
AMD,2025-04-04T21:50:16Z,Windows Hotpatch comes to client version of Windows
AMD,2025-04-04T21:24:05Z,"27"" Samsung C27F390 Curved 1800R Monitor: FHD, AMD FreeSync, HDMI, VGA, VESA Mount $85 + Free Shipping w/ Prime"
AMD,2025-04-04T21:04:29Z,Buy or Wait Guide: 10 Experts Predict How Tariffs Will Change Tech Prices in 2025 and What to Do Now
AMD,2025-04-04T20:51:00Z,"This mini PC has a 7-inch display that can apparently run Windows and an AMD Ryzen 9 CPU, but there's even better options to be had"
AMD,2025-04-04T20:43:26Z,Microsoft Launches Copilot Vision for iOS and Android
AMD,2025-04-04T20:26:39Z,PC Vendors Scramble to Figure Out How Much Tariffs Will Cost Them (and You)
AMD,2025-04-04T20:26:39Z,PC Vendors Scramble to Figure Out How Much Tariffs Will Cost Them (and You)
AMD,2025-04-04T20:08:00Z,"Hotpatch Updates Come To Windows, Reducing Downtime"
AMD,2025-04-04T20:00:00Z,Broker laments 'catastrophic negative surprise' that highlights the risks with these types of ASX shares
AMD,2025-04-04T19:37:00Z,"Chinese brand’s $2,000 Ryzen AI Max+ mini PC set to go on sale, with the first unit personally signed by the CEO of AMD"
AMD,2025-04-04T19:00:39Z,"Inworld AI GDC 2025 Q&A – ‘AAA Games Want to Be Secret, But There’s Going to Be Announcements in the Summer’"
AMD,2025-04-04T19:00:39Z,"Inworld AI GDC 2025 Q&A – ‘AAA Games Want to Be Secret, But There’s Going to Be Large Titles Announced’"
AMD,2025-04-04T18:50:17Z,This 4K gaming monitor is on sale for its lowest price ever
AMD,2025-04-04T18:47:02Z,Nintendo Switch 2 Tech Analysis: Is 4K Actually Realistic?
AMD,2025-04-04T18:39:45Z,Switch 2 vs. PS5: which console is worth owning in 2025
AMD,2025-04-04T18:38:00Z,LG Launches Three New Premium Curved Gaming Monitors With 240Hz Refresh Rates
AMD,2025-04-04T18:12:04Z,Trump raises eyebrows by sharing video claiming he's 'purposely CRASHING the market'
AMD,2025-04-04T17:55:53Z,(PR) MangoBoost Achieves Record-Breaking MLPerf Inference v5.0 Results with AMD Instinct MI300X
AMD,2025-04-04T17:54:56Z,Grand Theft Auto 5 crashes into Xbox Game Pass on April 15
AMD,2025-04-04T17:43:00Z,"Chips mostly dodged Trump's tariffs, but that could soon change"
AMD,2025-04-04T17:32:46Z,"While Sellers Are Panicking Today, Wall Street Experts See 32% to 79% Gains This Year For AMD, Broadcom and CrowdStrike"
AMD,2025-04-04T17:11:29Z,Intel Vision 2025: CEO Lip-Bu Tan Charts A New Course For Execution
AMD,2025-04-04T17:08:51Z,"Lil Yachty x Veeze Reconnect on ""Can't Be Crete Boy"""
AMD,2025-04-04T17:00:40Z,Thunder Compute (YC S24) is hiring a GPU systems engineer
AMD,2025-04-04T16:25:27Z,Asus vivobook artifacts
AMD,2025-04-04T16:23:37Z,Nintendo has delayed Switch 2 pre-orders in the US 'to assess the potential impact of tariffs' and it feels like a straight warning of the hardware price rises to come
AMD,2025-04-04T16:17:33Z,All of the news from Microsoft’s 50th Anniversary Copilot event
AMD,2025-04-04T16:03:59Z,For once PC gamers in the UK are getting some of the best graphics cards deals with many at or near MSRP pricing AND there's availability of most GPU models
AMD,2025-04-04T16:00:48Z,Crisp new 4K external display brightens MacBook Pro rig’s visuals [Setups]
AMD,2025-04-04T15:57:46Z,"Trump tanks tech, AI resets cybersecurity, and OpenAI sets a fundraising record"
AMD,2025-04-04T15:57:46Z,"Trump tanks tech, Intel and TSMC do a deal, and OpenAI sets a fundraising record"
AMD,2025-04-04T15:47:42Z,Inside Info Suggests AMD Prepping Radeon RX 9070 GRE 12 GB Model as Chinese Market Exclusive
AMD,2025-04-04T15:38:54Z,"GMKtec M7 Pro: πανίσχυρο «εργαλείο» με Ryzen 7 PRO, 16GB/512GB στα 366€!"
AMD,2025-04-04T15:20:02Z,Nvidia just fixed an AMD Linux bug while it struggles itself with Windows driver issues
AMD,2025-04-04T15:14:00Z,A Cheaper AMD Radeon RX 9070 Is Rumored With These Spec Changes
AMD,2025-04-04T15:12:37Z,"The RTX 5060 Ti is rumoured to cost the same as the RTX 4060 Ti, which may leave it wide open for an AMD RX 9070-based assault"
AMD,2025-04-04T15:08:23Z,Build a Killer $230 Gaming PC with SteamOS : Affordable Power for Modern Games
AMD,2025-04-04T14:48:00Z,Intel and TSMC reach preliminary agreement on US chip manufacturing joint venture
AMD,2025-04-04T14:38:52Z,Intel Vision 2025 Event: An Iconic American Semiconductor Tech Titan
AMD,2025-04-04T14:35:00Z,G.Skill Unveils First Big 128GB DDR5 Memory Kit To Hit A Blistering 8000MHz
AMD,2025-04-04T14:20:28Z,AMD RDNA 3.5 Graphics On 2025 Drivers: Windows 11 vs. Ubuntu 25.04 iGPU Performance
AMD,2025-04-04T14:16:17Z,"Another new Steam Deck rival is coming, packing a seriously powerful processor"
AMD,2025-04-04T14:00:51Z,Samsung CF390 Series 27″ Curved 1800R Desktop Monitor $84.99 (Reg. $189) at WOOT!
AMD,2025-04-04T14:00:00Z,"Leverage Shares by Themes Launches Three New Single Stock Leveraged ETFs, Bringing Investors Exciting Opportunities to Amplify Exposure to Square (XYZ), Salesforce (CRM), and PayPal (PYPL)"
AMD,2025-04-04T14:00:00Z,"AI Update, April 4, 2025: AI News and Views From the Past Week"
AMD,2025-04-04T14:00:00Z,"13 Habits Secretly Hurting Your Eyes, According to Optometrists"
AMD,2025-04-04T13:53:28Z,The Intel-TSMC unholy chip factory alliance rumour re-emerges and this time a 'preliminary' deal is said to have been done
AMD,2025-04-04T13:52:34Z,Why I’ve covered Microsoft for 25 years
AMD,2025-04-04T13:48:17Z,President Trump fired the head of U.S. Cyber Command and NSA
AMD,2025-04-04T13:36:42Z,RTX 4060 is now the top GPU on Newegg despite ludicrous $500 price tag
AMD,2025-04-04T13:00:25Z,"Welcome back, Razer: After a PC Gamer gaming laptop showdown, I reckon the Blade 16 is the mobile machine to beat this generation"
AMD,2025-04-04T13:00:19Z,AMD RX 9070 XT vs Nvidia RTX 4080 Super
AMD,2025-04-04T13:00:00Z,The Nintendo Switch 2 almost makes PC gaming look cheap
AMD,2025-04-04T12:59:20Z,Trump says that chip tariffs are starting 'very soon'
AMD,2025-04-04T12:42:00Z,AMD Ryzen 7 9800X3D drives eight-core CPU adoption past six-core chips
AMD,2025-04-04T12:33:47Z,Apple Chip Supplier TSMC Close to Deal to Operate Intel’s Chipmaking Facilities
AMD,2025-04-04T12:19:30Z,"Best Buy - HP Victus 15.6"" Full HD Gaming Laptop, AMD Ryzen 5, 8GB DDR5 Memory, 512GB SSD $449.99"
AMD,2025-04-04T12:14:22Z,G.Skill unveils first 128GB DDR5-8000 memory kit and ultra-fast DDR5-9000 64GB options
AMD,2025-04-04T12:10:12Z,"Big time 60% price drop lands this AMD-powered Lenovo ThinkPad laptop with 64GB RAM and 120Hz OLED at $1,079 ($1,620 off)"
AMD,2025-04-04T12:01:00Z,"Intel revives iconic ""Intel Inside"" slogan with a modern twist"
AMD,2025-04-04T11:50:01Z,"AMD's alleged RX 9070 GRE will have less VRAM than 9070 XT and 9070, says new report"
AMD,2025-04-04T11:49:22Z,Show HN: The SQLite Drivers 25.04 Benchmarks Game (Golang)
AMD,2025-04-04T11:25:27Z,Nintendo Switch 2 vs ROG Ally: Which gaming handheld is better?
AMD,2025-04-04T11:15:00Z,"AMD moves 3x more CPUs than Intel, rakes in 5x the revenue on Amazon"
AMD,2025-04-04T11:14:34Z,Samsung’s originally $600 34-inch Odyssey G5 165Hz curved gaming monitor just hit the 2025 low at $290
AMD,2025-04-04T11:00:00Z,NVIDIA Engineer Fixes Early Linux 6.15 Performance Regression Affecting AMD GPU Drivers
AMD,2025-04-04T10:55:58Z,"Best Buy - HP 27"" Touch-Screen All-in-One with Adjustable Height, AMD Ryzen 7, 16GB Memory, 1TB SSD $899.99"
AMD,2025-04-04T10:55:38Z,Eight-core CPUs are becoming the new norm. Is it time to upgrade?
AMD,2025-04-04T10:30:00Z,Microsoft turns 50! Here are its 25 most important products and milestones
AMD,2025-04-04T10:00:26Z,Critical flaw in Apache Parquet’s Java Library allows remote code execution
AMD,2025-04-04T09:51:11Z,Think DeepSeek has cut AI spending? Think again
AMD,2025-04-04T09:30:01Z,GTA 5 Enhanced Edition Coming to PC Game Pass in April
AMD,2025-04-04T08:32:24Z,CERT-UA reports attacks in March 2025 targeting Ukrainian agencies with WRECKSTEEL Malware
AMD,2025-04-04T07:29:49Z,(PR) Shuttle Expanding AI-Accelerated XPC Nano Series With Intel-Based Model
AMZN,2025-04-05T14:15:23Z,Should You Forget Amazon? Why These Unstoppable Stocks Are Better Buys
AMZN,2025-04-05T13:00:00Z,"Nvidia's bad day, Microsoft's AI plans, Amazon's TikTok play, and Intel's future: Tech news roundup"
AMZN,2025-04-05T11:00:19Z,27 Genius Bedroom Products That'll Make You Want To Re-Do Your Whole Bedroom
AMZN,2025-04-05T07:54:55Z,"Mayport LLC Sells 70 Shares of Amazon.com, Inc. (NASDAQ:AMZN)"
AMZN,2025-04-05T07:54:54Z,"Amazon.com, Inc. (NASDAQ:AMZN) Shares Sold by Signify Wealth"
AMZN,2025-04-05T07:54:53Z,"Dravo Bay LLC Buys New Shares in Amazon.com, Inc. (NASDAQ:AMZN)"
AMZN,2025-04-05T07:54:53Z,"Crew Capital Management Ltd. Has $442,000 Stake in Amazon.com, Inc. (NASDAQ:AMZN)"
AMZN,2025-04-05T07:11:13Z,"Pinion Investment Advisors LLC Raises Holdings in Amazon.com, Inc. (NASDAQ:AMZN)"
AMZN,2025-04-05T07:11:12Z,"Amazon.com, Inc. (NASDAQ:AMZN) Shares Purchased by Westover Capital Advisors LLC"
AMZN,2025-04-05T07:11:12Z,"Amazon.com, Inc. (NASDAQ:AMZN) Shares Sold by Scott & Selber Inc."
AMZN,2025-04-05T07:11:10Z,"Patten Group Inc. Purchases 1,207 Shares of Amazon.com, Inc. (NASDAQ:AMZN)"
AMZN,2025-04-05T06:05:01Z,"Rep. David Taylor Buys Amazon.com, Inc. (NASDAQ:AMZN) Stock"
AMZN,2025-04-05T06:02:58Z,Best Retail Stocks To Follow Now – April 3rd
AMZN,2025-04-04T23:12:53Z,"Is Amazon.com, Inc. (AMZN) the Top Stock to Buy According to Think Investments?"
AMZN,2025-04-04T22:08:19Z,"Jim Cramer on Amazon (AMZN): “What Can I Say Other Than… Buy, Buy, Buy!”"
AMZN,2025-04-04T21:16:00Z,3 ASX ETFs I would buy and hold for a decade
AMZN,2025-04-04T18:26:26Z,Microsoft's Copilot gets personal for 50th anniversary
AMZN,2025-04-04T17:53:31Z,"Retail Investors Pour $4,700,000,000 Into Stock Market in One Day Amid Market Meltdown: JPMorgan Chase"
AMZN,2025-04-04T16:35:00Z,Warren Buffet's market wisdom when stocks fall is all in this 19th century poem
AMZN,2025-04-04T15:07:50Z,Market Analysis: Amazon.com And Competitors In Broadline Retail Industry
AMZN,2025-04-04T14:20:34Z,Apple And Meta Get Nixed — But Top Funds Binge On This Stock
AMZN,2025-04-04T14:15:00Z,"The Magnificent 7 stocks slide again and the Dow drops 1,100 points as China retaliates in trade war"
AMZN,2025-04-04T13:54:45Z,Wall Street now hates these 10 stocks because of Trump tariffs
AMZN,2025-04-04T13:30:27Z,Why Apple may surprise investors with AI after all
AMZN,2025-04-04T12:42:55Z,Wall Street hunts for cheap tariff-proof stocks after the carnage
AMZN,2025-04-04T12:10:00Z,"Mag 7, Exxon Nike, Lululemon: Stocks to watch today"
AMZN,2025-04-04T11:50:29Z,Strong Results Lifted Amazon.com (AMZN) in Q4
AMZN,2025-04-04T10:00:56Z,"Yahoo Finance newsroom analysis: How Trump's tariffs are affecting Big Tech, retailers, automakers, oil, and bonds"
AMZN,2025-04-04T07:44:58Z,"Keystone Wealth Services LLC Purchases 991 Shares of Amazon.com, Inc. (NASDAQ:AMZN)"
AMZN,2025-04-04T07:44:57Z,"Unified Investment Management Invests $1.87 Million in Amazon.com, Inc. (NASDAQ:AMZN)"
AMZN,2025-04-04T07:44:57Z,"Amazon.com, Inc. (NASDAQ:AMZN) is Charles Schwab Investment Management Inc.’s 4th Largest Position"
AMZN,2025-04-04T07:44:57Z,"Amazon.com, Inc. (NASDAQ:AMZN) Stake Trimmed by Marathon Asset Management Ltd"
AMZN,2025-04-04T07:44:56Z,"Tacita Capital Inc Raises Stock Holdings in Amazon.com, Inc. (NASDAQ:AMZN)"
AMZN,2025-04-04T07:44:56Z,"Amazon.com, Inc. (NASDAQ:AMZN) Holdings Boosted by State of Michigan Retirement System"
AMZN,2025-04-04T07:44:55Z,"Kelly Financial Group LLC Purchases New Position in Amazon.com, Inc. (NASDAQ:AMZN)"
AMZN,2025-04-04T07:44:54Z,"Amazon.com, Inc. (NASDAQ:AMZN) Shares Sold by Alta Capital Management LLC"
AMZN,2025-04-04T07:44:54Z,"Amazon.com, Inc. (NASDAQ:AMZN) Shares Bought by WMG Financial Advisors LLC"
AMZN,2025-04-03T23:02:31Z,"If You Invested $1000 In This Stock 10 Years Ago, You Would Have This Much Today"
AMZN,2025-04-03T20:47:47Z,"Analyst Explains Why He Loves Amazon.com (AMZN), Says Company Taking ‘Lion’s Share’ of Retail Growth"
AMZN,2025-04-03T20:45:07Z,ETF Investing: Should I buy VTS or A200?
AMZN,2025-04-03T20:24:17Z,Intel and TSMC reach tentative deal on chip manufacturing: Report
AMZN,2025-04-03T20:18:25Z,Should I buy the NDQ ETF after the Wall Street's crash?
AMZN,2025-04-03T18:53:00Z,Three ways Big Tech is vulnerable to EU tariff retaliation
AMZN,2025-04-03T17:57:27Z,"Apple sheds $300 billion in tariff-fueled sell-off, on track for worst drop since March 2020"
AMZN,2025-04-03T17:18:16Z,Citi Reportedly Tells Investors to Buy AMZN Stock on Weakness
AMZN,2025-04-03T16:56:10Z,Analyst Says Amazon.com (AMZN) Should ‘Continue to Compound’ – Here’s Why
AMZN,2025-04-03T16:53:47Z,Citi Reportedly Tells Investors to Buy AMZN Stock on Weakness
AMZN,2025-04-03T16:38:02Z,Analyst Says Amazon.com (AMZN) Should ‘Continue to Compound’ – Here’s Why
AMZN,2025-04-03T15:15:59Z,Exploring The Competitive Space: Amazon.com Versus Industry Peers In Broadline Retail
AMZN,2025-04-03T15:03:00Z,Veteran fund manager who forecast S&P 500 crash unveils surprising update
AMZN,2025-04-03T14:35:00Z,Apple leads Magnificent 7 stock drop amid Trump tariffs
AMZN,2025-04-03T13:30:46Z,"Stock market today: S&P 500, Nasdaq plunge, Dow drops 1,400 points as Trump's tariffs shock markets"
AMZN,2025-04-03T12:30:00Z,"Stocks tumble after Trump's tariff reveal, with Dow set to shed 1,000 points"
AMZN,2025-04-03T12:12:42Z,Big Tech 'Magnificent Seven' Stocks Take a Hammering in Premarket
AMZN,2025-04-03T12:07:26Z,Dividend Stocks: Smoking-Hot 7.3% Yield Lights Up Demand
AMZN,2025-04-03T12:03:33Z,"Questrade introduces $0 commission, real-time fractional stock and ETF trading, reminding Canadians there’s no better time to Get Yours"
AMZN,2025-04-03T12:00:00Z,"Questrade introduces $0 commission, real-time fractional stock and ETF trading, reminding Canadians there’s no better time to Get Yours"
AMZN,2025-04-03T11:58:00Z,"Mag 7, Nike, Lululemon, Deckers, PDD, GM: Stocks to watch"
AMZN,2025-04-03T10:18:33Z,Global Stocks Plunge on Larger-Than-Expected US Tariffs
AMZN,2025-04-03T09:30:01Z,AMZN Stock To $120? How Tariffs Could Reshape Amazon's Future
AMZN,2025-04-03T07:52:57Z,"Clal Insurance Enterprises Holdings Ltd Sells 212,842 Shares of Amazon.com, Inc. (NASDAQ:AMZN)"
AMZN,2025-04-03T07:52:57Z,"Amazon.com, Inc. (NASDAQ:AMZN) Holdings Lifted by Lanham O Dell & Company Inc."
AMZN,2025-04-03T07:52:56Z,"Modera Wealth Management LLC Grows Position in Amazon.com, Inc. (NASDAQ:AMZN)"
AMZN,2025-04-03T07:52:55Z,"Planning Directions Inc. Buys 1,898 Shares of Amazon.com, Inc. (NASDAQ:AMZN)"
AMZN,2025-04-03T07:02:57Z,"Smartleaf Asset Management LLC Acquires 18,827 Shares of Amazon.com, Inc. (NASDAQ:AMZN)"
AMZN,2025-04-03T07:02:57Z,"SRS Capital Advisors Inc. Has $15.21 Million Stock Holdings in Amazon.com, Inc. (NASDAQ:AMZN)"
AMZN,2025-04-03T07:02:56Z,"LGT Group Foundation Buys 44,045 Shares of Amazon.com, Inc. (NASDAQ:AMZN)"
AMZN,2025-04-03T07:02:56Z,"MMA Asset Management LLC Decreases Stock Position in Amazon.com, Inc. (NASDAQ:AMZN)"
AMZN,2025-04-03T07:02:55Z,"Pacific Global Investment Management Co. Has $2.62 Million Stock Holdings in Amazon.com, Inc. (NASDAQ:AMZN)"
AMZN,2025-04-03T07:02:48Z,"Amazon.com, Inc. (NASDAQ:AMZN) Shares Sold by Investment Partners LTD."
AMZN,2025-04-03T05:54:44Z,Westpark Capital Initiates Coverage on Amazon.com (NASDAQ:AMZN)
AMZN,2025-04-03T05:26:55Z,Direxion Daily AMZN Bull 2X Shares (NASDAQ:AMZU) Short Interest Up 25.6% in March
AMZN,2025-04-03T04:16:50Z,How are the 'Magnificent Seven' reacting to Trump's tarrifs in aftermarket trade?
AMZN,2025-04-02T23:16:01Z,Stock futures plunge as investors digest Trump’s tariffs | CNN Business
AMZN,2025-04-02T22:49:00Z,"Cramer Called Tech’s Bounce Back a Stay of Execution, But Amazon (AMZN), Apple (AAPL) and Broadcom (AVGO) Are Up Big Again"
AMZN,2025-04-02T22:05:00Z,"Mag 7, other stocks fall post-market after Trump's tariff announcement"
AMZN,2025-04-02T21:38:33Z,Stocks Tumble After Hours as Trump Announces Sweeping Reciprocal Tariffs
AMZN,2025-04-02T21:36:24Z,Tariffs slam retailers as Walmart and Nike face big losses
AMZN,2025-04-02T21:33:39Z,"Walmart, Target, Nike stocks drop as sweeping reciprocal tariffs are expected to hike consumer prices"
AMZN,2025-04-02T21:10:00Z,"I can own Apple, Nvidia, Microsoft, and Tesla with this simple ASX ETF"
AMZN,2025-04-02T19:18:48Z,Ray jobs on Amazon SageMaker HyperPod: scalable and resilient distributed AI
AMZN,2025-04-02T19:10:00Z,Hbar Foundation Teams Up With OnlyFans Founder for TikTok Bid: Reuters
AMZN,2025-04-02T19:07:05Z,Amazon targets April 9 launch of first Kuiper internet satellites
AMZN,2025-04-02T18:08:38Z,Experts Clash on Amazon’s (AMZN) Outlook
AMZN,2025-04-02T17:11:00Z,Amazon wants to buy TikTok as Trump's deadline looms
AMZN,2025-04-02T16:55:04Z,"Stock Is “Starting to Look Appealing,” Consumer Expert Says"
AMZN,2025-04-02T16:43:33Z,Amazon reportedly bids to buy TikTok as deadline looms
AMZN,2025-04-02T16:29:05Z,"Amazon (AMZN) Stock Is “Starting to Look Appealing,” Consumer Expert Says"
AMZN,2025-04-02T15:15:54Z,Evaluating Amazon.com Against Peers In Broadline Retail Industry
AMZN,2025-04-02T12:33:00Z,A coal plant in Pennsylvania was imploded to build an AI data center
AMZN,2025-04-02T11:56:00Z,"Tesla, Newsmax, Big Tech: Stocks to watch today"
AMZN,2025-04-02T11:33:54Z,"Why Amazon, Walmart, and Target Stocks Dropped More Than 10% in March"
AMZN,2025-04-02T08:42:58Z,"Nixon Peabody Trust Co. Purchases 449 Shares of Amazon.com, Inc. (NASDAQ:AMZN)"
AMZN,2025-04-02T08:42:58Z,"Wilmar Advisors LLC Takes Position in Amazon.com, Inc. (NASDAQ:AMZN)"
AMZN,2025-04-02T08:42:57Z,"Heritage Wealth Management Inc. Buys 110 Shares of Amazon.com, Inc. (NASDAQ:AMZN)"
AMZN,2025-04-02T08:42:56Z,"Amazon.com, Inc. (NASDAQ:AMZN) is John G Ullman & Associates Inc.’s 8th Largest Position"
AMZN,2025-04-02T08:03:12Z,"Purkiss Capital Advisors LLC Purchases New Position in Amazon.com, Inc. (NASDAQ:AMZN)"
AMZN,2025-04-02T08:03:09Z,"Duncker Streett & Co. Inc. Grows Stock Position in Amazon.com, Inc. (NASDAQ:AMZN)"
AMZN,2025-04-02T08:03:08Z,"11,639 Shares in Amazon.com, Inc. (NASDAQ:AMZN) Bought by PCG Asset Management LLC"
AMZN,2025-04-02T08:03:07Z,"Amazon.com, Inc. (NASDAQ:AMZN) Shares Bought by Chase Investment Counsel Corp"
IBM,2025-04-05T13:11:19Z,"$65 billion pact gone! Elon Musk's DOGE drive didn't just affect federal workers; Deloitte, Accenture, among hardest hit"
IBM,2025-04-05T08:45:00Z,Open Source Software
IBM,2025-04-05T07:38:24Z,IBM: Is The Stock Price Overvalued?
IBM,2025-04-05T00:30:00Z,11 months & counting: Open Cloud Compute yet to go live
IBM,2025-04-04T23:14:52Z,International Business Machines (IBM) Integrates Intel Gaudi 3 on Cloud to Scale Enterprise AI Globally
IBM,2025-04-04T23:00:22Z,Y2K: What The Year 2000 Problem Was & Why People Feared The World Would End
IBM,2025-04-04T19:55:29Z,Microsoft’s 50th anniversary celebrations tainted by the company’s role in the genocide in Gaza
IBM,2025-04-04T19:46:14Z,Apple Intelligence servers might soon rely on a new Japanese chipmaker
IBM,2025-04-04T19:23:28Z,(PR) Tokyo Electron & IBM Renew Collaboration for Advanced Semiconductor Technology
IBM,2025-04-04T19:12:04Z,AI-Powered Golf Experiences - IBM Debuts New AI Features for the 2025 Masters Tournament (TrendHunter.com)
IBM,2025-04-04T18:31:52Z,The Microsoft of Today is Not the Microsoft of the Past
IBM,2025-04-04T18:21:32Z,An AlphaStation’s SROM
IBM,2025-04-04T18:17:33Z,Appeals court revives lawsuit alleging IBM bilked pensioners
IBM,2025-04-04T18:03:05Z,Appeals court revives lawsuit alleging IBM bilked pensioners
IBM,2025-04-04T17:19:07Z,Woke Employees' Worst Nightmare: Google Plays Pivotal Role in CBP's AI-Powered Border Surveillance Upgrade
IBM,2025-04-04T17:11:29Z,Intel Vision 2025: CEO Lip-Bu Tan Charts A New Course For Execution
IBM,2025-04-04T16:17:33Z,All of the news from Microsoft’s 50th Anniversary Copilot event
IBM,2025-04-04T16:14:59Z,Four Forces Shape The Future Of Technology Services
IBM,2025-04-04T16:00:00Z,Achieving Zero Trust and Air-Gapped IaC in IBM Cloud With Schematics
IBM,2025-04-04T16:00:00Z,"Quantum computers will be a dream come true for hackers, risking everything from military secrets to bank information. Can we stop them?"
IBM,2025-04-04T15:57:46Z,"Trump tanks tech, AI resets cybersecurity, and OpenAI sets a fundraising record"
IBM,2025-04-04T15:57:46Z,"Trump tanks tech, Intel and TSMC do a deal, and OpenAI sets a fundraising record"
IBM,2025-04-04T15:30:00Z,How Doris Connects to Multiple Databases for Federated Analytics and Data Migration
IBM,2025-04-04T14:49:20Z,kcli 99.0.202504041449
IBM,2025-04-04T14:38:52Z,Intel Vision 2025 Event: An Iconic American Semiconductor Tech Titan
IBM,2025-04-04T14:00:00Z,Preparing medical students to incorporate scientific evidence into patient care: A cross-sectional study
IBM,2025-04-04T14:00:00Z,"Population, demographic and socioeconomic characteristics associated with state preemption laws in the United States, 2009–2018"
IBM,2025-04-04T14:00:00Z,"Virtual Prototype Market Size to Surpass USD 1975.27 Million by 2032, Owing to the Growing Demand for Cost-Effective Product Development | SNS Insider"
IBM,2025-04-04T14:00:00Z,"GPU As A Service Market Size to Surpass USD 33.91 Billion by 2032, Owing to Growing Demand for AI and High-Performance Computing | SNS Insider"
IBM,2025-04-04T14:00:00Z,Development of an experimental model using cold stress to assess the pathogenicity of two Moroccan AI H9N2 isolates from 2016 and 2022 in commercial broiler chickens
IBM,2025-04-04T14:00:00Z,Validity and reliability of the Dietary Sodium Restriction Questionnaire in peritoneal dialysis patients
IBM,2025-04-04T13:55:00Z,Cloud Point of Sale (PoS) Market Report 2025-2029 & 2034 | From $8.37 Billion to $20.67 Billion: The Exponential Rise of the Cloud PoS Market
IBM,2025-04-04T13:30:00Z,"Out of sight, out of mind - thirsty, power-hungry Gen AI's hefty impact on the climate. Are we just going to ignore it?"
IBM,2025-04-04T13:23:04Z,Microsoft is now 50 years old
IBM,2025-04-04T13:18:17Z,A Visual History: Microsoft Windows Over the Decades
IBM,2025-04-04T13:18:17Z,A Visual History: Microsoft Windows Over the Decades
IBM,2025-04-04T13:16:46Z,"CMA clears IBM-HashiCorp deal, citing limited competition overlap"
IBM,2025-04-04T13:00:00Z,"Microsoft just turned 50, can its dominance last another"
IBM,2025-04-04T12:30:54Z,IBM: A Pioneer of Tech Giants
IBM,2025-04-04T12:00:09Z,Microsoft Turns 50: Where Are Its 12 Founding Employees Today?
IBM,2025-04-04T11:48:16Z,Google's AI will help Trump monitor the US-Mexico border
IBM,2025-04-04T10:30:00Z,"Every Microsoft Windows operating system, ranked"
IBM,2025-04-04T10:30:00Z,Microsoft turns 50! Here are its 25 most important products and milestones
IBM,2025-04-04T09:51:11Z,Think DeepSeek has cut AI spending? Think again
IBM,2025-04-04T09:50:12Z,Medicare Advantage Is Covering More and More Americans − Some Because They Don’t Get to Choose
IBM,2025-04-04T09:00:00Z,Microsoft turns 50: A look back at everything from the Altair to the Zune
IBM,2025-04-04T08:32:15Z,Crippling America’s Innovation Economy
IBM,2025-04-04T07:29:07Z,How do you explain what magnetic fields do to monitors to people wearing bowling shoes?
IBM,2025-04-04T06:37:00Z,Microsoft turns 50: Will AI make it even more powerful?
IBM,2025-04-04T05:27:03Z,The Great Skill Shift: How AI Is Transforming 70% Of Jobs By 2030
IBM,2025-04-04T05:15:00Z,Microsoft at 50: Enterprise IT for the masses
IBM,2025-04-04T05:00:00Z,Microsoft’s wildest moment in 50 years still makes us laugh
IBM,2025-04-04T05:00:00Z,Microsoft president Brad Smith: ‘Our support for Ireland is steadfast’
IBM,2025-04-04T04:00:00Z,New method assesses and improves the reliability of radiologists’ diagnostic reports
IBM,2025-04-04T03:40:41Z,The Rise of Quantum-Resistant Cryptography – Preparing for a Post-Quantum World
IBM,2025-04-04T00:03:58Z,"Americans See Lots of Reasons to Worry About AI, Pew Survey Finds"
IBM,2025-04-03T23:35:03Z,The bizarro world of Trumpian economics
IBM,2025-04-03T22:59:14Z,Show HN: A new VSCode extension that shows definition functions in a stack
IBM,2025-04-03T22:42:00Z,US Stock Markets See Worst Day Since Covid Pandemic
IBM,2025-04-03T21:18:23Z,What will quantum computing actually look like?
IBM,2025-04-03T20:51:00Z,Microsoft CTO predicts AI will generate 95 percent of code by 2030
IBM,2025-04-03T20:43:31Z,Ubuntu developers: Elizabeth K. Joseph: A VisionFive 2 and a Raspberry Pi 1 B
IBM,2025-04-03T19:32:41Z,Voice AI’s sweet spot: ordering fries with that
IBM,2025-04-03T19:06:45Z,The Shortest Path from Thoughts to Words (Premium)
IBM,2025-04-03T18:39:04Z,Installing AIX PS/2 v1.3 on a 486
IBM,2025-04-03T18:14:00Z,"How Bill Gates, the Altair 8800 and BASIC propelled me into the PC revolution"
IBM,2025-04-03T17:56:39Z,Can CEO Lip-Bu Tan Save Intel?
IBM,2025-04-03T17:40:07Z,The Mag 7 Gets Whacked. Here Are 5 Other Tech Stocks to Play
IBM,2025-04-03T16:20:14Z,"Cyberattacks Could Shutter One In Five Small Businesses, Report Finds"
IBM,2025-04-03T15:30:00Z,Europe Wearable AI Market Report 2024-2025 & 2031: Robust Growth Projected with Healthcare and Industrial Applications Leading the Charge
IBM,2025-04-03T15:27:29Z,How Cisco’s CIO Uses AI And Tech To Expand Company Culture
IBM,2025-04-03T15:20:00Z,Combatting Bias in AI Systems
IBM,2025-04-03T14:39:00Z,"Zero Trust Network Access Strategic Business Report 2024-2030, Competitive Analysis of Akamai, Broadcom, Check Point Software, Cisco Systems, CloudFlare, Crowdstrike, Forcepoint, Fortinet, IBM, Okta"
IBM,2025-04-03T14:23:00Z,"Financial Automation Business Analysis Report 2025: AI-Powered Tools Propel Growth in Decision-Making, Regulatory Compliance Requirements Drive Adoption - Global Market Forecast to 2030"
IBM,2025-04-03T14:00:00Z,"Effect of opioid-free anesthesia combined with pectoral nerve block on the quality of recovery in patients after mastectomy: A randomized, controlled trial"
IBM,2025-04-03T14:00:00Z,Time-restricted feeding reduced blood pressure and improved cardiac structure and function by regulating both circulating and local renin-angiotensin systems in spontaneously hypertensive rat model
IBM,2025-04-03T14:00:00Z,Passive compliance or active innovation: The diffusion of public sport policies in China
IBM,2025-04-03T13:57:44Z,IBM Boosts Canadian AI Infrastructure With Montreal And Toronto Cloud Advances
IBM,2025-04-03T13:46:29Z,Security updates for Thursday
IBM,2025-04-03T13:43:48Z,Remember These 10 Breakthrough Microsoft Products?
IBM,2025-04-03T13:43:48Z,Remember These 10 Breakthrough Microsoft Products?
IBM,2025-04-03T13:00:52Z,A web3 startup aims to change the game in the tariff wars | TechCrunch
IBM,2025-04-03T12:21:31Z,Medicare Advantage is covering more and more Americans − some because they don’t get to choose
IBM,2025-04-03T12:00:00Z,‘I don’t want fights’: He’s found love with an AI girlfriend. But is she curing the loneliness epidemic or just ‘weird and unhealthy’?
IBM,2025-04-03T12:00:00Z,A New Force of Indian Country
IBM,2025-04-03T11:52:00Z,"Citizen Services AI Market to Grow Exponentially, Reaching $43.52 Billion by 2029 | Maximizing Market Growth with Automation and AI Integration"
IBM,2025-04-03T11:12:03Z,Intel refreshes iconic brand with 'That's the power of Intel Inside' campaign
IBM,2025-04-03T10:00:00Z,The Unforeseen Consequences Of Revoking EO 14110: A Call For Content Authenticity
IBM,2025-04-03T10:00:00Z,Google Is Helping the Trump Administration Deploy AI Along the Mexican Border
IBM,2025-04-03T10:00:00Z,"The Hemline Index, and other fashionable follies"
IBM,2025-04-03T09:00:14Z,"Microsoft at 50: Its incredible rise, 15 lost years, and stunning comeback - in 4 charts"
IBM,2025-04-03T08:46:29Z,"Do it like Elon Musk: Leaked email reveals Tesla CEO’s simple work rules for business success, ‘Walk out of a meeting…’"
IBM,2025-04-03T07:00:00Z,Simplify AI data integration with RamaLama and RAG
IBM,2025-04-03T03:41:24Z,JVNDB-2024-021320:IBM の IBM App Connect Enterprise Certified Containers Operands および IBM App Connect Operator における入力の構文的正当性の検証に関する脆弱性
IBM,2025-04-03T02:40:08Z,Why I Maintain a 17 Year Old ThinkPad
IBM,2025-04-03T02:22:28Z,Monash College ran 60 scenarios in a week on foreign student caps
IBM,2025-04-03T01:00:00Z,RedHat Linux Kernel Multiple Vulnerabilities
IBM,2025-04-03T00:49:12Z,Ghost in the Machine: AI’s Verdict on AI Investing
IBM,2025-04-03T00:23:30Z,Linux 6.15 Removes Support For IBM's CXL/CAPI Drivers
ORCL,2025-04-05T06:02:55Z,Best Blockchain Stocks To Watch Now – April 3rd
ORCL,2025-04-05T03:14:26Z,"Jim Cramer on Oracle (ORCL): “Warning Sign—Lost a Key Contract, That’s Not Good!”"
ORCL,2025-04-04T22:18:33Z,Oracle Corporation (ORCL): Among the Best Innovative Stocks to Buy According to Analysts
ORCL,2025-04-04T15:30:00Z,How Doris Connects to Multiple Databases for Federated Analytics and Data Migration
ORCL,2025-04-04T06:38:48Z,Healthcare Stocks To Consider – April 2nd
ORCL,2025-04-04T06:06:53Z,Best Manufacturing Stocks To Keep An Eye On – April 2nd
ORCL,2025-04-03T16:53:47Z,Citi Reportedly Tells Investors to Buy AMZN Stock on Weakness
ORCL,2025-04-03T12:29:38Z,a Fast Growing Business?
ORCL,2025-04-03T12:18:38Z,Is Oracle (ORCL) a Fast Growing Business?
ORCL,2025-04-03T06:04:52Z,Top Manufacturing Stocks To Research – April 1st
ORCL,2025-04-03T00:06:57Z,"Stock market today: Nasdaq futures lead stock plunge, Dow drops 1,000 points as Trump's punishing tariffs rip through markets"
ORCL,2025-04-02T22:07:36Z,*20% ON EU...
ORCL,2025-04-02T19:44:11Z,Is Oracle Corp. (ORCL) the Best Data Storage Stock to Invest in According to Analysts?
ORCL,2025-04-02T17:11:00Z,Amazon wants to buy TikTok as Trump's deadline looms
ORCL,2025-04-02T06:58:52Z,Oracle (NYSE:ORCL) Earns Buy Rating from Analysts at Westpark Capital
ORCL,2025-04-02T06:18:46Z,Oracle (NYSE:ORCL) Price Target Cut to $190.00 by Analysts at Jefferies Financial Group
ORCL,2025-04-01T16:59:26Z,Nvidia-Backed AI Stock CoreWeave Rebounds To Overtake Downsized IPO Price
ORCL,2025-04-01T12:20:00Z,"OpenAI is now worth more than Chevron, McDonald's, and Salesforce"
ORCL,2025-04-01T08:02:51Z,Promising Blockchain Stocks To Follow Today – March 29th
ORCL,2025-04-01T06:34:43Z,Top Healthcare Stocks Worth Watching – March 30th
ORCL,2025-04-01T06:02:47Z,Promising Manufacturing Stocks To Watch Today – March 30th
ORCL,2025-03-31T19:00:19Z,Nvidia To Invest Billions In U.S. Supply Chain As Tech Companies Commit To Trump's Onshoring Pledge
ORCL,2025-03-31T14:16:45Z,TikTok's days are numbered as ban nears
ORCL,2025-03-31T09:28:58Z,Promising Healthcare Stocks To Watch Today – March 28th
ORCL,2025-03-31T08:03:06Z,Manufacturing Stocks Worth Watching – March 28th
ORCL,2025-03-31T06:02:54Z,Healthcare Stocks To Research – March 29th
ORCL,2025-03-31T06:02:48Z,Top Manufacturing Stocks To Follow Now – March 29th
ORCL,2025-03-31T03:16:02Z,Jim Cramer Pulling Back on Oracle Corporation (ORCL) – Waiting for CoreWeave Clarity!
ORCL,2025-03-30T15:06:54Z,Is Oracle Stock a Buy Now?
ORCL,2025-03-30T06:40:43Z,"Rep. Robert Bresnahan, Jr. Sells Oracle Co. (NYSE:ORCL) Stock"
ORCL,2025-03-30T06:02:57Z,Blockchain Stocks To Keep An Eye On – March 28th
ORCL,2025-03-29T14:16:16Z,Oracle Corp (ORCL): Among Billionaire Ken Fisher’s Top Growth Stock Picks
ORCL,2025-03-29T06:32:43Z,Top Healthcare Stocks Worth Watching – March 27th
ORCL,2025-03-29T06:01:02Z,Manufacturing Stocks To Keep An Eye On – March 27th
ORCL,2025-03-28T22:41:09Z,Is Oracle Corporation (ORCL) The Mega Cap Stock Gaining Bullish Momentum This Week?
ORCL,2025-03-27T14:24:54Z,$1000 Invested In This Stock 10 Years Ago Would Be Worth This Much Today
ORCL,2025-03-26T13:40:25Z,CoreWeave’s IPO Valuation Is Rotten To The Core
ORCL,2025-03-25T17:20:00Z,The Trump administration is being asked to relax some AI chip rules
ORCL,2025-03-25T14:55:00Z,Alibaba's chairman thinks there's an AI data center bubble
ORCL,2025-03-25T06:09:00Z,Best Blockchain Stocks To Keep An Eye On – March 23rd
ORCL,2025-03-24T16:24:07Z,Is Oracle Corporation (ORCL) the Best Predictive Analytics Stock to Buy According to Analysts?
ORCL,2025-03-24T06:06:43Z,Manufacturing Stocks To Research – March 22nd
ORCL,2025-03-23T19:59:56Z,Prediction: Oracle Stock Could Surge by 200% in the Next 5 Years
ORCL,2025-03-23T06:03:08Z,Blockchain Stocks To Add to Your Watchlist – March 21st
ORCL,2025-03-22T15:48:25Z,"U.S. ByteDance investors looking into TikTok U.S. deal, FT reports"
ORCL,2025-03-22T15:35:59Z,"U.S. ByteDance investors looking into TikTok U.S. deal, FT reports"
ORCL,2025-03-22T07:06:58Z,Stephens Begins Coverage on Oracle (NYSE:ORCL)
ORCL,2025-03-20T14:56:00Z,Oracle's is now letting businesses create their own AI agents. No coding required
ORCL,2025-03-20T06:34:42Z,Manufacturing Stocks Worth Watching – March 18th
ORCL,2025-03-20T01:58:47Z,SoftBank Group to Acquire Ampere Computing for 6.5B
ORCL,2025-03-20T01:53:24Z,SoftBank Group to Acquire Ampere Computing
ORCL,2025-03-19T23:36:44Z,SoftBank Group to Acquire Ampere Computing
ORCL,2025-03-18T17:36:57Z,Google is testing Trump's new antitrust cops with $32 billion Wiz deal
ORCL,2025-03-18T15:22:00Z,Google's biggest buy ever
ORCL,2025-03-18T07:50:53Z,Oracle Co. (NYSE:ORCL) Position Boosted by Proficio Capital Partners LLC
ORCL,2025-03-18T06:07:03Z,Blockchain Stocks Worth Watching – March 16th
ORCL,2025-03-17T08:00:00Z,Six Dividend Growth Stocks Raising Dividends Last Week
ORCL,2025-03-17T06:40:46Z,Blockchain Stocks To Consider – March 15th
ORCL,2025-03-17T05:54:53Z,Analysts Set Oracle Co. (NYSE:ORCL) PT at $179.71
ORCL,2025-03-15T06:56:45Z,William Blair Has Bearish Forecast for Oracle Q2 Earnings
ORCL,2025-03-15T06:22:54Z,William Blair Issues Pessimistic Outlook for Oracle Earnings
ORCL,2025-03-15T06:02:54Z,Healthcare Stocks To Keep An Eye On – March 13th
ORCL,2025-03-15T06:02:52Z,Promising Manufacturing Stocks To Keep An Eye On – March 13th
ORCL,2025-03-15T05:39:05Z,Oracle (NYSE:ORCL) Shares Down 2.2% on Analyst Downgrade
ORCL,2025-03-14T09:28:52Z,What is DA Davidson’s Forecast for Oracle FY2025 Earnings?
ORCL,2025-03-14T07:00:51Z,Citigroup Has Lowered Expectations for Oracle (NYSE:ORCL) Stock Price
ORCL,2025-03-14T07:00:51Z,Equities Analysts Issue Forecasts for Oracle Q4 Earnings
ORCL,2025-03-13T08:44:59Z,BMO Capital Markets Has Lowered Expectations for Oracle (NYSE:ORCL) Stock Price
ORCL,2025-03-13T08:44:56Z,Cantor Fitzgerald Analysts Cut Earnings Estimates for Oracle
ORCL,2025-03-13T08:44:48Z,JPMorgan Chase & Co. Issues Pessimistic Forecast for Oracle (NYSE:ORCL) Stock Price
ORCL,2025-03-13T08:44:48Z,Cantor Fitzgerald Issues Pessimistic Forecast for Oracle (NYSE:ORCL) Stock Price
ORCL,2025-03-13T06:55:00Z,Oracle (ORCL) – Investment Analysts’ Weekly Ratings Changes
ORCL,2025-03-13T06:41:06Z,Morgan Stanley Cuts Oracle (NYSE:ORCL) Price Target to $170.00
ORCL,2025-03-13T06:41:04Z,Evercore ISI Issues Pessimistic Forecast for Oracle (NYSE:ORCL) Stock Price
ORCL,2025-03-13T06:40:51Z,Piper Sandler Has Lowered Expectations for Oracle (NYSE:ORCL) Stock Price
ORCL,2025-03-13T06:40:51Z,Barclays Issues Pessimistic Forecast for Oracle (NYSE:ORCL) Stock Price
ORCL,2025-03-12T16:36:25Z,Why software stocks could be a safe haven for investors in a tariff-induced recession
ORCL,2025-03-12T13:59:16Z,Oracle (NYSE:ORCL) Given New $200.00 Price Target at UBS Group
ORCL,2025-03-12T13:59:13Z,KeyCorp Reaffirms “Overweight” Rating for Oracle (NYSE:ORCL)
ORCL,2025-03-12T12:24:47Z,Can Oracle Stock Fall To $110?
ORCL,2025-03-12T12:22:12Z,5 Things to Know Before the Stock Market Opens
ORCL,2025-03-12T10:34:49Z,Oracle (NYSE:ORCL) Receives “Neutral” Rating from DA Davidson
ORCL,2025-03-12T08:14:58Z,Oracle (NYSE:ORCL) Shares Down 5.2% on Disappointing Earnings
ORCL,2025-03-12T07:40:57Z,Bank of America Has Lowered Expectations for Oracle (NYSE:ORCL) Stock Price
ORCL,2025-03-12T05:47:00Z,Oracle (NYSE:ORCL) Trading Down 4.1% After Earnings Miss
ORCL,2025-03-12T05:14:47Z,Oracle (NYSE:ORCL) Shares Gap Down After Earnings Miss
ORCL,2025-03-11T15:02:00Z,The Dow drops 550 points as Trump shrugs off a market rout and says more tariffs are coming
ORCL,2025-03-11T13:23:52Z,"Tesla, Nvidia, Oracle, Delta, Southwest: Stocks to watch today"
ORCL,2025-03-11T09:57:00Z,Oracle stock gives investors whiplash as Larry Ellison touts AI 'hypergrowth' but earnings fall short
ORCL,2025-03-11T09:56:54Z,"'테슬라 킬러' 전설이 마침내 실현되었고, 그 사람은 바로"
ORCL,2025-03-11T09:55:14Z,Is Oracle Stock a Buy?
ORCL,2025-03-10T22:11:09Z,Dan Niles Says Oracle (ORCL)’s AI Capex to Decline
ORCL,2025-03-10T14:31:21Z,5 Things to Know Before the Stock Market Opens
ORCL,2025-03-10T13:30:40Z,"Stock market today: Dow, S&P 500, Nasdaq sink after S&P's worst week since September"
ORCL,2025-03-10T13:30:40Z,"Stock market today: Nasdaq, S&P 500 lead losses as market sell-off accelerates"
ORCL,2025-03-10T12:41:00Z,"Nvidia, Tesla, Oracle, Palantir, Coinbase, Doordash: Stocks to watch today"
ORCL,2025-03-10T12:28:22Z,5 Things to Know Before the Stock Market Opens
ORCL,2025-03-09T10:00:00Z,What To Expect in the Markets This Week
ORCL,2025-03-09T09:00:00Z,"Adobe, Oracle, Kohl's, and more stocks to watch this week"
ORCL,2025-03-09T08:21:06Z,Best Blockchain Stocks To Keep An Eye On – March 6th
ACN,2025-04-04T08:55:05Z,Best Industrial Stocks To Watch Today – April 2nd
ACN,2025-04-04T06:06:51Z,Artificial Intelligence Stocks To Watch Now – April 2nd
ACN,2025-04-03T12:08:11Z,Jim Cramer on Accenture (ACN): Buy If You Think Musk Leaves DOGE
ACN,2025-04-03T11:39:11Z,Jim Cramer on Accenture (ACN): Buy If You Think Musk Leaves DOGE
ACN,2025-04-03T06:04:53Z,Industrial Stocks Worth Watching – April 1st
ACN,2025-04-02T06:02:49Z,Top Metaverse Stocks To Research – March 31st
ACN,2025-04-01T16:57:17Z,Accenture plc (ACN): Among the Best Consulting Stocks to Buy According to Hedge Funds
ACN,2025-04-01T14:00:00Z,DHX15 inhibits mouse APOBEC3 deamination
ACN,2025-03-31T23:57:45Z,Accenture (ACN) Teams Up with Siemens to Revolutionize Engineering and Manufacturing with AI
ACN,2025-03-31T14:00:00Z,Spatial proteomics of Onchocerca volvulus with pleomorphic neoplasms shows local and systemic dysregulation of protein expression
ACN,2025-03-31T14:00:00Z,Doxifluridine promotes host longevity through bacterial metabolism
ACN,2025-03-31T14:00:00Z,"Exposure to circadian disrupting environment and high-fat diet during pregnancy and lactation alter reproductive competence and lipid profiles of liver, mammary, plasma and milk of ICR mice"
ACN,2025-03-31T14:00:00Z,Incomplete lytic cycle of a widespread Bacteroides bacteriophage leads to the formation of defective viral particles
ACN,2025-03-31T13:45:40Z,Is Accenture plc (ACN) the Most Oversold Large Cap Stock to Invest in Now?
ACN,2025-03-31T12:18:00Z,Transactions in connection with share buy-back program
ACN,2025-03-31T08:48:49Z,Best Metaverse Stocks To Follow Now – March 28th
ACN,2025-03-31T08:03:02Z,Promising Artificial Intelligence Stocks To Consider – March 28th
ACN,2025-03-30T19:34:00Z,These are the 10 most shorted ASX shares
ACN,2025-03-28T13:08:38Z,Why Are Analysts Bullish on Accenture (ACN) for 2025?
ACN,2025-03-28T07:40:46Z,Analysts Set Accenture plc (NYSE:ACN) PT at $378.91
ACN,2025-03-27T15:19:00Z,Buy These 7%+ Recession-Resistant Dividends Now
ACN,2025-03-27T12:32:32Z,Animoca Brands partners with Soneium by Sony Block Solutions Labs to develop Moca Network’s identity layer and launch San FranTokyo’s anime initiatives on Soneium
ACN,2025-03-27T12:00:00Z,"TIVDAK® (tisotumab vedotin) Approved by Japan Ministry of Health, Labour and Welfare for the Treatment of Advanced or Recurrent Cervical Cancer that has Progressed on or after Chemotherapy"
ACN,2025-03-27T07:22:54Z,Accenture (NYSE:ACN) Given New $355.00 Price Target at BMO Capital Markets
ACN,2025-03-27T06:10:56Z,Metaverse Stocks To Watch Now – March 25th
ACN,2025-03-27T00:00:00Z,"2-Methyl tetrahydrofuran: a green organic modifier for eco-friendly, cost-effective, and rapid purification in drug discovery"
ACN,2025-03-26T12:00:00Z,Young Christian in Pakistan brutally attacked for refusing to convert to Islam
ACN,2025-03-26T05:42:55Z,Barclays Lowers Accenture (NYSE:ACN) Price Target to $390.00
ACN,2025-03-25T21:28:00Z,Genmab Announces Initiation of Share Buy-Back Program
ACN,2025-03-25T04:00:00Z,Discussions on possible frauds in Europe continue to decline
ACN,2025-03-24T07:38:57Z,Artificial Intelligence Stocks To Consider – March 22nd
ACN,2025-03-24T07:13:05Z,Top Industrial Stocks To Watch Now – March 22nd
ACN,2025-03-24T06:50:44Z,Royal Bank of Canada Issues Pessimistic Forecast for Accenture (NYSE:ACN) Stock Price
ACN,2025-03-24T06:12:56Z,Guggenheim Has Lowered Expectations for Accenture (NYSE:ACN) Stock Price
ACN,2025-03-24T00:00:00Z,The solvent engineering by ACN for the growth of high-quality CsPbBr3 single crystals
ACN,2025-03-23T22:30:59Z,These are the 10 most shorted ASX shares
ACN,2025-03-23T07:44:54Z,Accenture (NYSE:ACN) Price Target Cut to $387.00 by Analysts at UBS Group
ACN,2025-03-23T06:03:09Z,Best Metaverse Stocks To Follow Today – March 21st
ACN,2025-03-22T14:07:10Z,Accenture price target lowered to $365 from $394 at TD Cowen
ACN,2025-03-22T07:24:49Z,Accenture plc (NYSE:ACN) Stake Lifted by Proficio Capital Partners LLC
ACN,2025-03-22T06:40:52Z,Mizuho Cuts Accenture (NYSE:ACN) Price Target to $398.00
ACN,2025-03-22T06:40:50Z,Accenture (NYSE:ACN) Price Target Cut to $364.00 by Analysts at Piper Sandler
ACN,2025-03-22T06:38:47Z,Industrial Stocks To Watch Now – March 20th
ACN,2025-03-22T06:05:07Z,Artificial Intelligence Stocks To Follow Today – March 20th
ACN,2025-03-22T03:29:00Z,Genmab to Vigorously Defend Alleged Claims of Trade Secret Misappropriation by AbbVie Inc.
ACN,2025-03-21T18:00:43Z,Palantir Hovers Near 50 Day Line As AI Stocks Struggle
ACN,2025-03-21T15:51:32Z,Barclays remains buyer of Accenture on weakness
ACN,2025-03-21T13:56:57Z,These Analysts Lower Their Forecasts On Accenture Following Q2 Results
ACN,2025-03-21T13:01:03Z,Hegseth Cancels Defense Contracts. IT Government Contractors Sell Off.
ACN,2025-03-21T09:19:00Z,"Catholic aid ""the hand of God"" in suffering Mozambique"
ACN,2025-03-21T06:05:05Z,Metaverse Stocks To Watch Now – March 19th
ACN,2025-03-21T05:22:48Z,Accenture (NYSE:ACN) Shares Gap Down After Analyst Downgrade
ACN,2025-03-20T20:21:39Z,IBM Stock Falls Below Key Level On Accenture Warning About Slowing U.S. Government Tech Spending
ACN,2025-03-20T11:46:00Z,"Nvidia, Micron, Nike, Darden, Zeekr, FedEx, Accenture: Stocks to watch today"
ACN,2025-03-20T07:06:42Z,Accenture (NYSE:ACN) Upgraded at Baird R W
ACN,2025-03-20T06:28:53Z,BMO Capital Markets Lowers Accenture (NYSE:ACN) Price Target to $370.00
ACN,2025-03-19T07:14:54Z,Best Metaverse Stocks To Watch Now – March 17th
ACN,2025-03-19T06:27:01Z,Accenture (NYSE:ACN) Upgraded by Robert W. Baird to “Outperform” Rating
ACN,2025-03-18T13:45:40Z,"Reddit initiated, Netflix upgraded: Wall Street’s top analyst calls"
ACN,2025-03-18T12:54:13Z,Accenture plc (ACN): Among the Best European Stocks to Buy According to Billionaires
ACN,2025-03-18T09:16:15Z,Piracy Shield: New Technical & Operational Requirements For 2025
ACN,2025-03-18T06:10:50Z,Morgan Stanley Cuts Accenture (NYSE:ACN) Price Target to $372.00
ACN,2025-03-17T16:19:00Z,Investigational Rinatabart Sesutecan (Rina-S®) Continues to Show Encouraging Antitumor Activity in Patients with Advanced Ovarian Cancer
ACN,2025-03-17T14:00:00Z,A new class of type VI secretion system effectors can carry two toxic domains and are recognized through the WHIX motif for export
ACN,2025-03-17T13:06:33Z,Accenture (ACN) Strengthens AI Infrastructure Consulting with Soben Acquisition
ACN,2025-03-17T06:22:52Z,Piper Sandler Has Lowered Expectations for Accenture (NYSE:ACN) Stock Price
ACN,2025-03-16T21:16:43Z,These are the 10 most shorted ASX shares
ACN,2025-03-16T12:00:19Z,"Earnings week ahead: FDX, GIS, NIO, XPEV, MU, NKE, CCL, ACN and more"
ACN,2025-03-16T10:59:08Z,Wall Street Week Ahead
ACN,2025-03-16T09:00:00Z,"Nvidia, Nike, Micron, Darden Restaurants: Stocks to watch this week"
ACN,2025-03-16T06:02:59Z,Artificial Intelligence Stocks Worth Watching – March 14th
ACN,2025-03-16T06:02:48Z,Industrial Stocks To Follow Now – March 14th
ACN,2025-03-16T00:05:58Z,"Presidency, SDP leader deny Tinubu’s funding claim"
ACN,2025-03-15T10:23:00Z,Church leaders call for 'rethink' of school closures in Ramadan
ACN,2025-03-15T06:34:52Z,Best Industrial Stocks To Follow Today – March 13th
ACN,2025-03-15T00:39:19Z,Buhari’s ex-ministers lead APC defection train to SDP
ACN,2025-03-14T19:10:00Z,‘No future for Syria without Christians’: Archbishop calls for justice for massacre victims
ACN,2025-03-14T06:02:56Z,Top Metaverse Stocks To Watch Now – March 12th
ACN,2025-03-13T06:22:55Z,Accenture (ACN) Projected to Post Earnings on Thursday
ACN,2025-03-13T06:02:50Z,Promising Metaverse Stocks To Keep An Eye On – March 11th
ACN,2025-03-12T18:19:00Z,Transactions with shares and linked securities in Genmab A/S made by managerial employees and their closely associated persons
ACN,2025-03-12T18:13:00Z,"Constitution of the Board of Directors in Genmab A/S, Grant of Restricted Stock Units to Board Members and Employees and Grant of Warrants to Employees in Genmab"
ACN,2025-03-12T14:23:00Z,Passing of Genmab A/S’ Annual General Meeting
ACN,2025-03-12T07:36:51Z,Accenture (NYSE:ACN) Downgraded by StockNews.com to “Hold”
ACN,2025-03-12T06:02:50Z,Best Metaverse Stocks To Follow Today – March 10th
ACN,2025-03-11T08:14:48Z,Promising Metaverse Stocks To Add to Your Watchlist – March 9th
ACN,2025-03-11T01:41:46Z,17% off Any Travel Insurance Policies from InsureandGo + Bonus 10% Couple and Family Discount @ One Big Switch
ACN,2025-03-10T14:13:00Z,Genmab Announces Johnson & Johnson Decision Regarding HexaBody®-CD38
ACN,2025-03-10T06:02:47Z,Best Metaverse Stocks To Follow Today – March 8th
ACN,2025-03-09T19:48:53Z,These are the 10 most shorted ASX shares
ACN,2025-03-09T09:22:53Z,"SBI Securities Co. Ltd. Makes New $99,000 Investment in Accenture plc (NYSE:ACN)"
ACN,2025-03-09T07:10:55Z,Sen. Shelley Moore Capito Sells Accenture plc (NYSE:ACN) Shares
ACN,2025-03-09T07:04:58Z,Top Metaverse Stocks To Follow Today – March 7th
ACN,2025-03-08T18:27:43Z,"Embrace Ngige, APC aspirant begs Tinubu"
INFY,2025-04-03T07:04:55Z,"58,677 Shares in Infosys Limited (NYSE:INFY) Acquired by Raymond James Financial Inc."
INFY,2025-04-02T08:29:00Z,Infosys and Formula E Launch AI-Powered Stats Center to Boost Fan Engagement
INFY,2025-04-02T01:05:50Z,Stock Market Live Updates 2 April 2025: Stock to buy today: HDFC Life Insurance Company (₹693.10)
INFY,2025-04-02T01:05:50Z,"Stock Market Highlights 2 April 2025: Sensex, Nifty close higher as markets reassess impact of anticipated reciprocal tariffs"
INFY,2025-03-31T15:13:03Z,Is Infosys Limited (INFY) the Most Oversold Large Cap Stock to Invest in Now?
INFY,2025-03-31T08:24:48Z,Infosys Limited (NYSE:INFY) Shares Sold by Prudential Financial Inc.
INFY,2025-03-30T09:42:53Z,"Stock Market Highlights 1 April 2025: BSE Sensex closes at 1390 points lower at 76,024.51, and Nifty 50 plunges by 353 points to 23,165.70"
INFY,2025-03-27T13:28:13Z,"Infy lays off trainees; Amazon, Flipkart warehouses raided"
INFY,2025-03-27T10:23:00Z,Infosys Powers LKQ Europe's HR Transformation with a Unified Digital Platform
INFY,2025-03-27T07:52:58Z,"Thrivent Financial for Lutherans Sells 3,390 Shares of Infosys Limited (NYSE:INFY)"
INFY,2025-03-24T08:21:08Z,"Corient Private Wealth LLC Sells 6,842 Shares of Infosys Limited (NYSE:INFY)"
INFY,2025-03-24T06:54:11Z,"Ditch the Accenture Prism. TCS, Infy good bets as FIIs resume shopping"
INFY,2025-03-24T01:10:00Z,"Share Market Highlights: Sensex jumps 1.4%, Nifty gains 1.32% as foreign buying lifts markets"
INFY,2025-03-22T08:42:53Z,HighTower Advisors LLC Has $2.61 Million Position in Infosys Limited (NYSE:INFY)
INFY,2025-03-22T07:00:51Z,Infosys (NYSE:INFY) Rating Lowered to Hold at StockNews.com
INFY,2025-03-21T09:18:55Z,Avantax Advisory Services Inc. Cuts Stake in Infosys Limited (NYSE:INFY)
INFY,2025-03-19T05:48:59Z,"Zomato, Paytm, PB Fintech: Is it time to re-enter these high-beta stocks? Dipan Mehta answers"
INFY,2025-03-14T05:52:53Z,Analysts Set Infosys Limited (NYSE:INFY) PT at $20.22
INFY,2025-03-12T05:50:51Z,Infosys (NYSE:INFY) Rating Lowered to Hold at StockNews.com
INFY,2025-03-12T05:13:04Z,Infosys Target of Unusually High Options Trading (NYSE:INFY)
INFY,2025-03-11T10:43:21Z,alice-blue-sdk added to PyPI
INFY,2025-03-11T07:14:56Z,Bank of New York Mellon Corp Decreases Stake in Infosys Limited (NYSE:INFY)
INFY,2025-03-10T17:06:00Z,Cholamandalam Investment and Finance Company migrates to Finacle Treasury
INFY,2025-03-08T04:26:46Z,"Nifty will recover gradually, may climb towards 23,600: Rupak De"
SAP,2025-04-05T12:30:00Z,"2025 March Madness Final Four predictions: Duke vs. Houston, Florida vs. Auburn"
SAP,2025-04-05T12:12:08Z,Show HN: Rudolf – The SAP Guru
SAP,2025-04-05T12:00:00Z,Northern giant mouse lemur: The bug-eyed fluff ball with the biggest testicles of all known primates
SAP,2025-04-05T10:02:37Z,"Port of Seattle ‘s August data breach impacted 90,000 people"
SAP,2025-04-05T08:39:10Z,"JPMorgan Chase & Co. Sells 519,800 Shares of Vertex, Inc. (NASDAQ:VERX)"
SAP,2025-04-05T05:54:54Z,Saputo Inc. (TSE:SAP) Receives Consensus Rating of “Buy” from Analysts
SAP,2025-04-05T01:30:00Z,"Kathy Donaghy: As spring arrives, the birds and the bees can offer us lessons in love"
SAP,2025-04-04T16:24:30Z,Polymers with flawed fillers boost heat transfer in plastics
SAP,2025-04-04T16:00:00Z,Whangārei dad battles invasive moth plant threatening native trees
SAP,2025-04-04T15:30:00Z,How Doris Connects to Multiple Databases for Federated Analytics and Data Migration
SAP,2025-04-04T15:25:01Z,Global brokerages raise recession odds; J.P.Morgan sees 60% chance (Siddarth S/Reuters)
SAP,2025-04-04T14:00:00Z,"The Rise of US Customer Data Platform Market: A $6.4 billion Industry Dominated by Oracle Corporation, Adobe & Salesforce | MarketsandMarkets™"
SAP,2025-04-04T14:00:00Z,Combining nanobody labeling with STED microscopy reveals input-specific and layer-specific organization of neocortical synapses
SAP,2025-04-04T13:55:00Z,Cloud Point of Sale (PoS) Market Report 2025-2029 & 2034 | From $8.37 Billion to $20.67 Billion: The Exponential Rise of the Cloud PoS Market
SAP,2025-04-04T13:48:17Z,President Trump fired the head of U.S. Cyber Command and NSA
SAP,2025-04-04T13:00:00Z,2X Awarded on the Financial Times Americas’ Fastest Growing Companies 2025 List
SAP,2025-04-04T12:05:28Z,DT builds its ‘AI-first’ strategy on Google Cloud
SAP,2025-04-04T11:27:39Z,"Urgent recall hits 17,000 bottles of iron supplements"
SAP,2025-04-04T11:00:00Z,"The Offertory Incensation, Part I"
SAP,2025-04-04T10:55:14Z,"PR Roundup: Ford’s Ad Campaign Offering ‘Employee Pricing’, Brands’ DEI and Sustainability Comms Ranked Globally"
SAP,2025-04-04T10:49:58Z,Restoring the Wild: How Reintroducing Bison Could Revive Britain’s Landscapes and Ecosystems
SAP,2025-04-04T10:00:26Z,Critical flaw in Apache Parquet’s Java Library allows remote code execution
SAP,2025-04-04T08:32:24Z,CERT-UA reports attacks in March 2025 targeting Ukrainian agencies with WRECKSTEEL Malware
SAP,2025-04-04T08:05:08Z,"Vertex, Inc. (NASDAQ:VERX) Shares Sold by Corebridge Financial Inc."
SAP,2025-04-04T06:48:25Z,39M secrets exposed: GitHub rolls out new security tools
SAP,2025-04-04T06:08:55Z,Desjardins Comments on Saputo’s FY2025 Earnings (TSE:SAP)
SAP,2025-04-04T05:10:47Z,The Hackett Group (NASDAQ:HCKT) Stock Rating Upgraded by StockNews.com
SAP,2025-04-04T04:00:00Z,Uncertainty Of The EU Omnibus And How Businesses Should Respond
SAP,2025-04-04T00:00:00Z,What is employee experience?
SAP,2025-04-03T19:39:17Z,Oil Prices Dive on Trump Tariffs and OPEC Surprise
SAP,2025-04-03T19:37:57Z,China-linked group UNC5221 exploited Ivanti Connect Secure zero-day since mid-March
SAP,2025-04-03T19:36:21Z,New battery tech makes sub-zero EV charging 5x faster
SAP,2025-04-03T18:59:56Z,How To Accelerate Digital Transformation
SAP,2025-04-03T18:58:53Z,These Organized Trips Blend Reforesting Efforts With Experiential Travel
SAP,2025-04-03T18:44:37Z,Bat Speed Risers and Fallers: Breakouts coming for Pete-Crow Armstrong and Ryan Mountcastle?
SAP,2025-04-03T18:30:00Z,"Sweeping Trump tariffs draw dismay, calls for talks from countries around the globe"
SAP,2025-04-03T18:30:00Z,"Sweeping Trump tariffs draw dismay, calls for talks from countries around the globe"
SAP,2025-04-03T18:14:15Z,Master the World of Information Technology
SAP,2025-04-03T15:20:19Z,AI Workforce: using AI and Drones to simplify infrastructure inspections
SAP,2025-04-03T14:51:00Z,OpenText Announces Availability of Titanium X Enabling new Limitless Digital Workforce
SAP,2025-04-03T14:22:23Z,"Europol-led operation shuts down CSAM platform Kidflix, leading to 79 arrests"
SAP,2025-04-03T13:41:40Z,Show HN: Docsumo's OCR Benchmark Report – Surpassing Mistral and Landing AI
SAP,2025-04-03T13:33:36Z,In Light Of New Tariffs Focus On Digitizing And Diversifying Your Supply Chain
SAP,2025-04-03T13:30:38Z,10 native spring ephemerals that bring early color to the garden
SAP,2025-04-03T11:39:00Z,Smart Hospitals Industry Analysis Report 2025 | $187.2 Billion Opportunity by 2030 | Investing in AI and Robotics Among the Key Strategies of Market Leaders
SAP,2025-04-03T10:50:30Z,3 Ways To Comply With Plastic Taxes
SAP,2025-04-03T10:49:58Z,robotframework-robosapiens 2.16.4
SAP,2025-04-03T10:02:37Z,Author Spotlight: Sarah Langan
SAP,2025-04-03T07:44:53Z,"Mitsubishi UFJ Asset Management Co. Ltd. Buys 1,718 Shares of SAP SE (NYSE:SAP)"
SAP,2025-04-03T07:37:02Z,"Vertex, Inc. (NASDAQ:VERX) Shares Purchased by Vanguard Group Inc."
SAP,2025-04-03T06:10:44Z,Financial Analysis: TuanChe (NASDAQ:TC) versus Rimini Street (NASDAQ:RMNI)
SAP,2025-04-03T05:16:20Z,New Triada Trojan comes preinstalled on Android devices
SAP,2025-04-03T04:31:28Z,Hero Motocorp shares in focus after posting 12% YoY growth in monthly sales
SAP,2025-04-03T04:10:59Z,"Persistent, Wipro, other IT stocks fall up to 8% as Trump tariffs fuel inflation fears"
SAP,2025-04-03T03:44:56Z,RIL shares in focus for these 2 reasons. Check details
SAP,2025-04-03T02:33:01Z,pydanticai-genai-hub 0.1.10
SAP,2025-04-03T02:26:26Z,pydanticai-genai-hub 0.1.9
SAP,2025-04-03T02:13:17Z,Trump tariffs pile stress on ailing world economy
SAP,2025-04-03T02:02:51Z,"Stocks Drop, Bonds Jump as Trump Tariffs Sap Risk: Markets Wrap"
SAP,2025-04-03T01:35:03Z,Trump tariffs pile stress on ailing world economy
SAP,2025-04-03T01:29:00Z,Trump tariffs pile stress on ailing world economy
SAP,2025-04-03T01:04:49Z,"Asian stocks drop, bonds jump as Trump tariffs sap risk"
SAP,2025-04-02T22:18:43Z,Analysis-Trump tariffs pile stress on ailing world economy
SAP,2025-04-02T21:38:24Z,New advanced FIN7’s Anubis backdoor allows to gain full system control on Windows
SAP,2025-04-02T19:37:09Z,Is SAP SE (SAP) the Best German Stock to Buy According to Hedge Funds?
SAP,2025-04-02T18:30:14Z,"Bitcoin Braces For Trump Tariff Announcement: 'Short-Term Optimism' Has The Upper Hand, Experts Say"
SAP,2025-04-02T15:52:02Z,Delta flier says she was shamed by passenger squatting in her own window seat
SAP,2025-04-02T15:50:00Z,Databricks on Google Cloud: Innovations Driving Data Intelligence
SAP,2025-04-02T15:00:00Z,Supplier Relationship and Risk Management (SRRM) Market Disruptions: The $1.45 Billion Opportunity Vendors Can’t Afford to Miss
SAP,2025-04-02T15:00:00Z,Warehouse Management System Market Disruptions: The $5.2 Billion Opportunity Vendors Can’t Afford to Miss
SAP,2025-04-02T14:34:04Z,Spring 2025 – Week 1 in Review
SAP,2025-04-02T14:00:00Z,Explore these 7 popular API gateway tools
SAP,2025-04-02T13:47:39Z,U.S. CISA adds Apache Tomcat flaw to its Known Exploited Vulnerabilities catalog
SAP,2025-04-02T13:03:53Z,"Anywhere365 drives the transformation of customer experience with AI, and unveils new identity: AnywhereNow"
SAP,2025-04-02T12:41:05Z,What Does Business Transformation Mean?
SAP,2025-04-02T12:34:02Z,"How Tally Solutions, bookkeeper to India’s MSMEs, is harnessing AI in its software"
SAP,2025-04-02T12:30:00Z,India BPO Services Market to Hit Valuation of US$ 139.35 Billion by 2033 | Astute Analytica
SAP,2025-04-02T12:00:00Z,Concur Founder Backs New Corporate Travel Startup Juno
SAP,2025-04-02T09:27:51Z,Tildearrow Furnace (Chiptune Tracker) v0.6.8 WiN Mac Linux [FREE]
SAP,2025-04-02T09:02:00Z,Nagarro strengthens its SAP CX capabilities with the strategic business transfer of Notion Edge France
SAP,2025-04-02T08:52:53Z,Apple backported fixes for three actively exploited flaws to older devices
SAP,2025-04-02T08:38:15Z,"Specsavers takes off the Oracle glasses, sees better ERP options"
SAP,2025-04-02T08:34:00Z,API Management Industry Analysis 2025-2030: Increasing Demand for Web and Mobile Applications Across Diverse Platforms Drive the Global Market; Rising at 14.57% CAGR
SAP,2025-04-02T08:31:00Z,AI-Based Predictive Maintenance Market Report 2025-2030: A Projected US$1.69 Billion Landscape - Businesses Must Invest in Cloud and Edge Technologies for Future Success
SAP,2025-04-02T08:21:00Z,Edge Data Centers Industry Analysis 2018-2024 & 2025-2030 - Decentralized Infrastructure Gains Momentum as Edge Data Centers Drive Real-Time Processing
SAP,2025-04-02T08:12:56Z,"KLP Kapitalforvaltning AS Makes New $667,000 Investment in Vertex, Inc. (NASDAQ:VERX)"
SAP,2025-04-02T08:08:00Z,Cloud Services Industry Analysis 2025-2030: Global Revenues Set to Triple Reaching US$2.9 Trillion by 2030 - Asia-Pacific's Rapid Industrialization and Digitalization Drive Explosive Growth
SAP,2025-04-02T08:00:15Z,"Flight passenger says man deliberately squatted in window seat, ignites social media debate"
SAP,2025-04-02T07:42:48Z,"Thrivent Financial for Lutherans Has $846,000 Holdings in SAP SE (NYSE:SAP)"
SAP,2025-04-02T07:29:05Z,Spike in Palo Alto Networks scanner activity suggests imminent cyber threats
SAP,2025-04-02T07:22:58Z,Labor wants to give the minimum wage a real boost. The benefits would likely outweigh any downsides
SAP,2025-04-02T07:00:00Z,"Anywhere365 drives the transformation of customer experience with AI, and unveils new identity: AnywhereNow"
SAP,2025-04-02T07:00:00Z,"Anywhere365 drives the transformation of customer experience with AI, and unveils new identity: AnywhereNow"
SAP,2025-04-02T06:02:49Z,Top Metaverse Stocks To Research – March 31st
SAP,2025-04-02T05:01:29Z,How one of the largest auto suppliers in the world is preparing for Trump's tariffs
SAP,2025-04-01T23:01:01Z,Homes England and Octopus Real Estate launch £150m Greener Homes Alliance phase 2
SAP,2025-04-01T21:53:43Z,How District Courts Are Approaching Alice’s Failure to Define ‘Abstract Ideas’
SAP,2025-04-01T19:53:22Z,The Problem Isn’t Tinder’s New AI but the Dating Apps Themselves
